-- phpMyAdmin SQL Dump
-- version 4.7.7
-- https://www.phpmyadmin.net/
--
-- Host: localhost:3306
-- Generation Time: Dec 01, 2018 at 01:46 PM
-- Server version: 10.1.31-MariaDB
-- PHP Version: 7.0.26

SET SQL_MODE = "NO_AUTO_VALUE_ON_ZERO";
SET AUTOCOMMIT = 0;
START TRANSACTION;
SET time_zone = "+00:00";


/*!40101 SET @OLD_CHARACTER_SET_CLIENT=@@CHARACTER_SET_CLIENT */;
/*!40101 SET @OLD_CHARACTER_SET_RESULTS=@@CHARACTER_SET_RESULTS */;
/*!40101 SET @OLD_COLLATION_CONNECTION=@@COLLATION_CONNECTION */;
/*!40101 SET NAMES utf8mb4 */;

--
-- Database: `id7317248_pockettenderdb`
--

-- --------------------------------------------------------

--
-- Table structure for table `administrator`
--

CREATE TABLE `administrator` (
  `administratorID` int(10) NOT NULL,
  `username` varchar(15) NOT NULL,
  `password` text NOT NULL,
  `administratorName` varchar(50) NOT NULL,
  `administratorEmail` varchar(100) NOT NULL,
  `role` varchar(7) NOT NULL,
  `isDeleted` tinyint(1) NOT NULL
) ENGINE=InnoDB DEFAULT CHARSET=latin1;

--
-- Dumping data for table `administrator`
--

INSERT INTO `administrator` (`administratorID`, `username`, `password`, `administratorName`, `administratorEmail`, `role`, `isDeleted`) VALUES
(1, 'admintest123', '$2y$10$w9ve6gq64R4w3qs.2Rgr2.hHQS75vxNKPHmKSLHfGdr3pkiJ5UNBe', 'Yusuf Taiyoob Kurma', 'upshur@yahoo.com', 'admin', 0),
(2, 'darrenw', '$2y$10$cs6iDMs9TL9wkKk6gd6.luJ3vtF4nfqjCV3ov/z1SeUkoYM7B2zn2', 'Joseph Sim', 'darrenwong@gmail.com', 'admin', 1),
(5, 'darrenw96', '$2y$10$2H.ThaCXRRR7YwRILiBrN.s0x2VC8OygGZ92cSNh.Vpx8DkPV6vXm', 'Darren Wong', 'darren@w1.com', 'editor', 1),
(7, 'jsim', '$2y$10$xP.9h3wA23rQt/uamDXjLOkpBAbRz5iM2FJCr6AhWpX2WrpHXTLrC', 'Joseph Sim WM', 'js@mail.com', 'editor', 0),
(8, 'chasil123', '$2y$10$Y3CrnXu2slc726fdglEIGet/glfnT7fVRaF4B8GgRMzuxCvu1e1si', 'testingtwo', '1300@yahoo.com', 'editor', 1),
(13, 'slo', '$2y$10$xYUDVF9sPqOoI8EwuzjwG.seEJI7t8pqGPfmFLBFyXhYgMqtShJOW', 'Sharon Lo', 'slo@email.com', 'admin', 0),
(19, 'sharonlo', '$2y$10$woWJJusnzxvIIaz6BUV3BeITHxTkbVSD1imB4kC75eECTn4g/6TB6', 'Sharon Lo', 'sharonlo996@hotmail.com', 'admin', 0),
(20, 'todelete', '$2y$10$bHRp.9Wy1HKHNTJDKRRmR.RTZnF6K67BKDuW88a0oWf7R4g0SwOdq', 'todelete', 'tod@h.com', 'admin', 1),
(21, 'qqq', '$2y$10$91RKbBiBo2Py0LgSxa/Sz.fEww5o7UaUrzyfQ0/o1f.RgZkTdGwHK', 'qqq', 'qqq@mail.com', 'editor', 0);

-- --------------------------------------------------------

--
-- Table structure for table `announcement`
--

CREATE TABLE `announcement` (
  `announcementID` int(7) NOT NULL,
  `announcementTitle` varchar(50) NOT NULL,
  `announcementContent` text NOT NULL,
  `publishedDate` datetime NOT NULL,
  `editedDate` datetime DEFAULT NULL,
  `editedBy` varchar(15) DEFAULT NULL,
  `postedBy` text NOT NULL,
  `postDeleted` tinyint(1) NOT NULL DEFAULT '0'
) ENGINE=InnoDB DEFAULT CHARSET=latin1;

--
-- Dumping data for table `announcement`
--

INSERT INTO `announcement` (`announcementID`, `announcementTitle`, `announcementContent`, `publishedDate`, `editedDate`, `editedBy`, `postedBy`, `postDeleted`) VALUES
(1100102, 'qq', 'qq', '2018-11-28 00:03:40', '2018-11-27 16:03:57', 'jsim', 'jsim', 1),
(2040649, 'qqq', 'aa', '2018-11-27 20:47:11', '2018-11-27 12:47:31', 'jsim', 'jsim', 1),
(2779677, 'Welcome to Pocket Tender', 'Hello all,\n\nWelcome to Pocket Tender! A platform which you will be able to see a compilation of tenders from different organizations in Malaysia. \n\nCome and explore the useful features when you register and login an account!', '2018-09-25 05:03:58', NULL, NULL, 'admintest123', 0),
(8131221, 'Pocket Tender Website is now AVAILABLE!', 'Dear users,\r\n\r\nPocket Tender website is now ready to use! \r\nVisit the web application at https://pockettender.000webhostapp.com/web/', '2018-11-16 08:23:00', '2018-11-27 12:41:37', 'jsim', 'slo', 0),
(9321996, 'qq', 'qqd', '2018-11-28 00:04:08', '2018-11-27 16:18:22', 'jsim', 'jsim', 1);

-- --------------------------------------------------------

--
-- Table structure for table `custom_search`
--

CREATE TABLE `custom_search` (
  `searchID` int(7) NOT NULL,
  `tenderReference` varchar(100) COLLATE utf8_unicode_ci DEFAULT NULL,
  `tenderTitle` text COLLATE utf8_unicode_ci,
  `originatingSource` varchar(100) COLLATE utf8_unicode_ci DEFAULT NULL,
  `closingDateFrom` date DEFAULT NULL,
  `closingDateTo` date DEFAULT NULL,
  `username` varchar(15) COLLATE utf8_unicode_ci DEFAULT NULL,
  `identifier` varchar(100) COLLATE utf8_unicode_ci NOT NULL,
  `savedDate` datetime NOT NULL
) ENGINE=InnoDB DEFAULT CHARSET=utf8 COLLATE=utf8_unicode_ci;

--
-- Dumping data for table `custom_search`
--

INSERT INTO `custom_search` (`searchID`, `tenderReference`, `tenderTitle`, `originatingSource`, `closingDateFrom`, `closingDateTo`, `username`, `identifier`, `savedDate`) VALUES
(599770709, 'NULL', 'supply', 'KEMENTERIAN AIR, TANAH DAN SUMBER ASLI', NULL, NULL, 'AWTJ95', 'dupply1', '2018-10-31 02:43:11'),
(1362520881, 'NULL', 'supply', 'NULL', NULL, NULL, 'darrenw1996', 'supplytitle', '2018-11-21 04:20:08'),
(1488178549, 'NULL', 'kontrak', 'KEMENTERIAN DALAM NEGERI', NULL, NULL, 'sharon96', 'kontrak', '2018-10-14 16:41:50'),
(1555179871, 'NULL', 'supply', 'NULL', NULL, NULL, 'slo', 'supply', '2018-11-10 13:45:54'),
(1754140457, 'NULL', 'NULL', 'KEMENTERIAN DALAM NEGERI', NULL, NULL, 'dinosaur96', 'kontrak', '2018-10-15 04:38:47'),
(2050365888, 'fhj', 'ghjk', 'NULL', NULL, NULL, 'koala', 'qwe', '2018-10-19 14:11:48'),
(2122047170, 'NULL', 'NULL', 'JABATAN PERDANA MENTERI', NULL, NULL, 'koala', 'df', '2018-11-27 10:39:15');

-- --------------------------------------------------------

--
-- Table structure for table `poll_option`
--

CREATE TABLE `poll_option` (
  `optionID` int(7) NOT NULL,
  `optionTitle` text NOT NULL,
  `pollID` int(7) NOT NULL,
  `votesCount` int(11) DEFAULT NULL
) ENGINE=InnoDB DEFAULT CHARSET=latin1;

--
-- Dumping data for table `poll_option`
--

INSERT INTO `poll_option` (`optionID`, `optionTitle`, `pollID`, `votesCount`) VALUES
(2723897, 'f', 8329397, 0),
(2854052, 'Kiosk', 2771843, 0),
(3047752, 'asdasd', 9769798, 0),
(4385945, '2', 6609072, 0),
(4679512, 'Credit Card', 2771843, 0),
(5832219, 'asdasd', 9769798, 0),
(6888442, 'Online Payment', 2771843, 0),
(7630117, 'Sarawak Pay', 2771843, 0),
(7928108, 'Cash', 2771843, 0),
(8025854, 'ads', 9769798, 0),
(8433646, '1', 6609072, 0),
(9448178, 'e', 8329397, 0);

-- --------------------------------------------------------

--
-- Table structure for table `poll_question`
--

CREATE TABLE `poll_question` (
  `pollID` int(7) NOT NULL,
  `pollQuestion` text NOT NULL,
  `questionType` varchar(9) NOT NULL,
  `isOtherAllowed` tinyint(1) NOT NULL,
  `postedBy` varchar(15) NOT NULL,
  `publishedDate` datetime NOT NULL,
  `editedDate` datetime DEFAULT NULL,
  `editedBy` varchar(15) DEFAULT NULL,
  `endDate` datetime DEFAULT NULL,
  `isEnded` tinyint(1) NOT NULL DEFAULT '0'
) ENGINE=InnoDB DEFAULT CHARSET=latin1;

--
-- Dumping data for table `poll_question`
--

INSERT INTO `poll_question` (`pollID`, `pollQuestion`, `questionType`, `isOtherAllowed`, `postedBy`, `publishedDate`, `editedDate`, `editedBy`, `endDate`, `isEnded`) VALUES
(2771843, 'What is the way you use to pay your monthly bill?', 'radio', 0, 'admintest123', '2018-08-22 12:52:44', '2018-11-27 16:34:23', 'jsim', '2018-11-16 14:53:53', 0),
(6609072, 'qq', 'radio', 1, 'jsim', '2018-11-27 16:29:29', NULL, NULL, NULL, 1),
(8329397, 'juu', '', 0, 'jsim', '2018-11-28 05:22:13', NULL, NULL, NULL, 1),
(9769798, 'does it work or nah', 'radio', 0, 'admintest123', '2018-11-15 03:48:39', '2018-11-16 14:46:27', 'slo', '2018-11-16 14:46:27', 1);

-- --------------------------------------------------------

--
-- Table structure for table `poll_votes_history`
--

CREATE TABLE `poll_votes_history` (
  `voteID` int(7) NOT NULL,
  `pollID` int(7) NOT NULL,
  `optionID` int(7) DEFAULT NULL,
  `text_answer` text,
  `userID` varchar(20) NOT NULL,
  `dateVoted` datetime NOT NULL
) ENGINE=InnoDB DEFAULT CHARSET=latin1;

--
-- Dumping data for table `poll_votes_history`
--

INSERT INTO `poll_votes_history` (`voteID`, `pollID`, `optionID`, `text_answer`, `userID`, `dateVoted`) VALUES
(1631839, 2771843, 6888442, '', 'AWTJ95', '2018-10-31 02:45:49'),
(3257799, 2771843, 6888442, '', 'sharon96', '2018-09-28 08:31:58'),
(5217178, 2771843, 7928108, '', 'slo', '2018-11-16 15:11:33'),
(5572335, 2771843, 7630117, '', 'dinosaur96', '2018-09-30 14:14:15'),
(5966714, 2771843, 4679512, '', 'supraman', '2018-11-19 10:37:02'),
(7775333, 2771843, 7630117, '', 'koala', '2018-11-27 10:42:16'),
(8854863, 2771843, 7928108, '', 'esim', '2018-10-30 05:30:21'),
(9296250, 2771843, 7630117, '', 'gene', '2018-10-30 06:35:23');

-- --------------------------------------------------------

--
-- Table structure for table `scrapped_tender`
--

CREATE TABLE `scrapped_tender` (
  `id` int(11) NOT NULL,
  `reference` varchar(100) DEFAULT NULL,
  `title` text NOT NULL,
  `category` varchar(100) DEFAULT NULL,
  `originatingSource` varchar(100) DEFAULT NULL,
  `tenderSource` tinyint(10) DEFAULT NULL,
  `agency` varchar(100) DEFAULT NULL,
  `closingDate` date DEFAULT NULL,
  `startDate` date DEFAULT NULL,
  `docInfoJson` text,
  `originatorJson` text,
  `fileLinks` text
) ENGINE=InnoDB DEFAULT CHARSET=latin1;

--
-- Dumping data for table `scrapped_tender`
--

INSERT INTO `scrapped_tender` (`id`, `reference`, `title`, `category`, `originatingSource`, `tenderSource`, `agency`, `closingDate`, `startDate`, `docInfoJson`, `originatorJson`, `fileLinks`) VALUES
(1, 'KPM/P/US/POLI K.KINABALU(SBH) FASA 2/2018(7)', ' 	 	CADANGAN KERJA-KERJA PENGUBAHSUAIAN SATU (1) UNIT BANGUNAN PEJABAT ENAM (6) TINGKAT DAN SEMBILAN (19) UNIT RUANG PEJABAT TIGA (3) TINGKAT DI HARUMAS KOTA KINABALU INDUSTRIAL PARK (KKIP) UNTUK DIJADIKAN POLITEKNIK KOTA KINABALU, SABAH - FASA 2.		   		  ', 'KERJA', 'KEMENTERIAN PENDIDIKAN MALAYSIA', 1, 'SEKTOR PENDIDIKAN TINGGI', '2019-01-03', '2018-11-21', NULL, NULL, NULL),
(2, 'QT180000000025339', ' 	 	TENDER  BAGI PEROLEHAN MEMBEKAL BAHAN MENTAH, BASAH DAN KERING (BHGN I-IV) KE HOSPITAL ROMPIN BAGI TEMPOH 3 TAHUN MULAI 01.02.2019 HINGGA 31.01.2022		   		  ', 'BEKALAN', 'KEMENTERIAN KESIHATAN', 1, 'JABATAN KESIHATAN NEGERI PAHANG', '2018-12-17', '2018-11-21', NULL, NULL, NULL),
(3, 'PKKM/MRTM/T/03/2018', ' 	 	TENDER BAGI PERKHIDMATAN MENYEDIAKAN PERSIAPAN TEMPAT ACARA, MENGURUSKAN PERSEMBAHAN PENTAS, MEMBEKAL MAKAN DAN MINUM SERTA PERKHIDMATAN PERCETAKAN SEMPENA PROGRAM MAJLIS RUMAH TERBUKA MALAYSIA (MRTM) HARI KRISMAS 2018  BERTEMPAT DI KOTA KINABALU, SABAH. LAWATAN TAPAK DIWAJIBKAN BERTEMPAT DI PADANG MERDEKA, KOTA KINABALU PADA 22 NOVEMBER 2018 JAM 10 PAGI. KOD BIDANG 221305 / 221306 / 040103 / 221603		   		  ', 'BEKALAN DAN PERKHIDMATAN BUKAN PERUNDING', 'KEMENTERIAN PELANCONGAN, SENI DAN BUDAYA', 1, 'PERBADANAN KEMAJUAN KRAFTANGAN MALAYSIA', '2018-12-13', '2018-11-20', NULL, NULL, NULL),
(4, 'KP/PEMB/TEN(A/3K) 82/2018', ' 	 	KONTRAK KERJA PENYELENGGARAAN (NON COMPREHENSIVE) SISTEM PENGHAWA DINGIN DI INSTITUT PENYELIDIKAN SAINS DAN TEKNOLOGI PERTAHANAN STRIDE INDUK KAJANG DAN STRIDE BATU ARANG, SELANGOR		   		  ', 'KERJA', 'KEMENTERIAN PERTAHANAN', 1, 'KEMENTERIAN PERTAHANAN MALAYSIA', '2018-12-10', '2018-11-19', NULL, NULL, NULL),
(5, 'PERS/R-KPA(11)1261/70-2018', ' 	 	PEMASANGAN ELEKTRIK UNTUK PEMBINAAN SEKOLAH BAHARU 36 BILIK DARJAH DAN LAIN-LAIN KEMUDAHAN DI SMK BANDAR PUTRA 2, KULAI, JOHOR		   		  ', 'KERJA', 'KEMENTERIAN KERJA RAYA', 1, 'JABATAN KERJA RAYA MALAYSIA (JKR)', '2018-12-20', '2018-11-19', NULL, NULL, NULL),
(6, 'KPLB.T.43/2018', ' 	 	PEMBINAAN LOJI RAWATAN AIR KE-2 PITAS,SABAH		   		  ', 'KERJA', 'KEMENTERIAN PEMBANGUNAN LUAR BANDAR', 1, 'KEMENTERIAN KEMAJUAN LUAR BANDAR DAN WILAYAH', '2018-12-20', '2018-11-19', NULL, NULL, NULL),
(7, 'KPLB.T.39/2018', ' 	 	PROJEK BEKALAN AIR LUAR BANDAR (BALB) DI JALAN PULONG-MELALAP, TENOM,  SABAH		   		  ', 'KERJA', 'KEMENTERIAN PEMBANGUNAN LUAR BANDAR', 1, 'KEMENTERIAN KEMAJUAN LUAR BANDAR DAN WILAYAH', '2018-12-17', '2018-11-19', NULL, NULL, NULL),
(8, 'KPLB.T.41/2018', ' 	 	PROJEK BEKALAN AIR LUAR BANDAR (BALB) KE KG. SUANGPAI, KUDAT, SABAH		   		  ', 'KERJA', 'KEMENTERIAN PEMBANGUNAN LUAR BANDAR', 1, 'KEMENTERIAN KEMAJUAN LUAR BANDAR DAN WILAYAH', '2018-12-18', '2018-11-19', NULL, NULL, NULL),
(9, 'KPLB.T.42/2018', ' 	 	PROJEK BEKALAN AIR LUAR BANDAR (BALB) KG. LIMAU-LIMAUAN, KUDAT, SABAH		   		  ', 'KERJA', 'KEMENTERIAN PEMBANGUNAN LUAR BANDAR', 1, 'KEMENTERIAN KEMAJUAN LUAR BANDAR DAN WILAYAH', '2018-12-20', '2018-11-19', NULL, NULL, NULL),
(10, 'KPLB.T.40/2018', ' 	 	PROJEK BEKALAN AIR LUAR BANDAR (BALB) PEMBINAAN TELAGA TIUB DI LOJI RAWATAN AIR BAYAYAT, KOTA BELUD, SABAH		   		  ', 'KERJA', 'KEMENTERIAN PEMBANGUNAN LUAR BANDAR', 1, 'KEMENTERIAN KEMAJUAN LUAR BANDAR DAN WILAYAH', '2018-12-18', '2018-11-19', NULL, NULL, NULL),
(11, 'KPLB.T.38/2018', ' 	 	PROJEK BEKALAN AIR LUAR BANDAR (BALB) SISTEM RETIKULASI TAHUN 2016 NEGERI SABAH ZON 9 DAERAH SANDAKAN		   		  ', 'KERJA', 'KEMENTERIAN PEMBANGUNAN LUAR BANDAR', 1, 'KEMENTERIAN KEMAJUAN LUAR BANDAR DAN WILAYAH', '2018-12-17', '2018-11-19', NULL, NULL, NULL),
(12, 'KPLB.T.46/2018', ' 	 	PROJEK BEKALAN AIR LUAR BANDAR (BALB) TAPAK MESEJ KG. BUNANG FASA 1,2&3, SOOK, KENINGAU, SABAH		   		  ', 'KERJA', 'KEMENTERIAN PEMBANGUNAN LUAR BANDAR', 1, 'KEMENTERIAN KEMAJUAN LUAR BANDAR DAN WILAYAH', '2018-12-20', '2018-11-19', NULL, NULL, NULL),
(13, 'PERS/AK(7)1232/41-2018', ' 	 	CADANGAN MENAIKTARAF SISTEM KESELAMATAN DI KOMPLEKS KEMENTERIAN KEWANGAN - BANGUNAN PERBENDAHARAAN 2, JABATAN KASTAM DIRAJA MALAYSIA DAN JABATAN AKAUNTAN NEGARA MALAYSIA		   		  ', 'KERJA', 'KEMENTERIAN KERJA RAYA', 1, 'JABATAN KERJA RAYA MALAYSIA (JKR)', '2018-12-17', '2018-11-16', NULL, NULL, NULL),
(14, 'KP/PERO-4D/RPBT/T167/2018/OE', ' 	 	MEMBEKAL RANGSUM PUKAL (BERAS SUPER 5% TEMPATAN) UNTUK TENTERA UDARA MALAYSIA (TUDM) BAGI KAWASAN I SEMENANJUNG BAGI TEMPOH TIGA (3) TAHUN		   		  ', 'BEKALAN', 'KEMENTERIAN PERTAHANAN', 1, 'BAHAGIAN PEROLEHAN', '2018-12-11', '2018-11-16', NULL, NULL, NULL),
(15, 'QT180000000026175', ' 	 	PERKHIDMATAN KAWALAN KESELAMATAN TANPA SENJATA DI HOSPITAL ROMPIN, PAHANG UNTUK TEMPOH DUA (2) TAHUN		   		  ', 'PERKHIDMATAN BUKAN PERUNDING', 'KEMENTERIAN KESIHATAN', 1, 'JABATAN KESIHATAN NEGERI PAHANG', '2018-12-12', '2018-11-16', NULL, NULL, NULL),
(16, 'MESIN  FOTOSTAT', ' 	 	PERKHIDMATAN PENYEWAAN MESIN FOTOSTAT DIJABATAN INSOLVENSI MALAYSIA		   		  ', 'BEKALAN', 'JABATAN PERDANA MENTERI', 1, 'JABATAN INSOLVENSI MALAYSIA', '2018-12-07', '2018-11-16', NULL, NULL, NULL),
(17, 'MESTECC/PPKBES/TK/1-2018', ' 	 	PRA-KELAYAKAN UNTUK MEREKA BENTUK, MEMBINA, MENYIAPKAN DAN MENTAULIAH BAGI CADANGAN PROJEK POST BLACKOUT : PROTECTION ONLINE MONITORING		   		  ', 'KERJA', 'KEMENTERIAN TENAGA, SAINS, TEKNOLOGI, ALAM SEKITAR DAN PERUBAHAN IKLIM', 1, 'KEMENTERIAN TENAGA, SAINS, TEKNOLOGI, ALAM SEKITAR DAN PERUBAHAN IKLIM', '2018-12-17', '2018-11-16', NULL, NULL, NULL),
(18, 'MESTECC/PPKBES/TK/5-2018', ' 	 	PROJEK PEMBAHAGIAN: PPU TAMBALUGU, TUARAN, SABAH		   		  ', 'KERJA', 'KEMENTERIAN TENAGA, SAINS, TEKNOLOGI, ALAM SEKITAR DAN PERUBAHAN IKLIM', 1, 'KEMENTERIAN TENAGA, SAINS, TEKNOLOGI, ALAM SEKITAR DAN PERUBAHAN IKLIM', '2018-12-17', '2018-11-16', NULL, NULL, NULL),
(19, 'MESTECC/PPKBES/TK/3-2018', ' 	 	PROJEK PENGHANTARAN: 132/33/11KV PMU INANAM, KOTA KINABALU, SABAH		   		  ', 'KERJA', 'KEMENTERIAN TENAGA, SAINS, TEKNOLOGI, ALAM SEKITAR DAN PERUBAHAN IKLIM', 1, 'KEMENTERIAN TENAGA, SAINS, TEKNOLOGI, ALAM SEKITAR DAN PERUBAHAN IKLIM', '2018-12-17', '2018-11-16', NULL, NULL, NULL),
(20, 'JKR/NEG/J/01/2018', ' 	 	CADANGAN MENAIKTARAF PERSIMPANGAN EMPAT DI FT005 SEKSYEN 77.3 BENUT, PONTIAN, JOHOR [ BUMIPUTERA T1 / CIDB : G4 / KATEGORI : B / PENGKHUSUSAN : CE01 & CE21 / LAWATAN TAPAK : DIWAJIBKAN. BERKUMPUL DI PEJABAT JURUTERA DAERAH JKR (D) PONTIAN PADA 19.11.2018 JAM 9.00 PAGI ]		   		  ', 'KERJA', 'PENTADBIRAN KERAJAAN NEGERI JOHOR', 1, 'JABATAN KERJA RAYA NEGERI JOHOR', '2018-12-10', '2018-11-15', NULL, NULL, NULL),
(21, 'BBA/(T)/18/2018', ' 	 	KERJA-KERJA OPERASI DAN PENYELENGGARAAN SECARA KOMPREHENSIF LOJI RAWATAN AIR DI KAMPUNG LAWA GADONG, BEAUFORT, SABAH,(TAKLIMAT TENDER DIWAJIBKAN:22/11/2018 JAM 10 PAGI , DI LOJI RAWATAN AIR KG. LAWA GADONG, BEAUFORT SABAH.( HANYA PENAMA DALAM PPK, SPKK YANG DIBENARKAN HADIR LAWATAN TAPAK) (GRED G7 KATEGORI PENGKHUSUSAN CE20 ATAU CE39 DAN M15 ATAU M20 DAN E11, JENIS SYARIKAT A2)		   		  ', 'KERJA', 'KEMENTERIAN AIR, TANAH DAN SUMBER ASLI', 1, 'JABATAN BEKALAN AIR', '2018-12-13', '2018-11-15', NULL, NULL, NULL),
(22, 'KP/PEMB/TEN(D)/RL 81/2018', ' 	 	KONTRAK PERKHIDMATAN MEMOTONG RUMPUT DAN MENCUCI LONGKANG DI 93 DEPOT PUSAT PELURU KEM MEMPAGA, BENTONG, PAHANG		   		  ', 'PERKHIDMATAN BUKAN PERUNDING', 'KEMENTERIAN PERTAHANAN', 1, 'KEMENTERIAN PERTAHANAN MALAYSIA', '2018-12-10', '2018-11-15', NULL, NULL, NULL),
(23, 'USIM/T/K/B2/2018', ' 	 	MEMBEKAL, MENGHANTAR, MEMASANG, MENGUJITERIMA, MENTAULIAH DAN MENYELENGGARA INFRASTRUKTUR KABEL FIBER UNTUK MENYAMBUNGKAN RANGKAIAN BANGUNAN FAKULTI PERUBATAN & SAINS KESIHATAN (FPSK) KE KAMPUS UTAMA UNIVERSITI SAINS ISLAM MALAYSIA, NILAI, NEGERI SEMBILAN. (SILA RUJUK KENYATAAN TENDER DILAMAN WEB IKLAN.USIM.EDU.MY. LAWATAN TAPAK DIWAJIBKAN PADA 21 NOVEMBER 2018 JAM 10.00 PAGI BERTEMPAT DI BILIK MESYUARAT UTAMA, ARAS 2, GOAL-ITQAN, USIM)		   		  ', 'KERJA', 'KEMENTERIAN PENDIDIKAN MALAYSIA', 1, 'UNIVERSITI SAINS ISLAM MALAYSIA (USIM)', '2018-12-13', '2018-11-15', NULL, NULL, NULL),
(24, 'PERS/ICT(3)1204/13-2018', ' 	 	PEMASANGAN SISTEM TEKNOLOGI MAKLUMAT DAN KOMUNIKASI (ICT) BAGI PEMBINAAN BANGUNAN PEJABAT PENTADBIRAN DI AKADEMI SENI BUDAYA DAN WARISAN (ASWARA)		   		  ', 'BEKALAN', 'KEMENTERIAN KERJA RAYA', 1, 'JABATAN KERJA RAYA MALAYSIA (JKR)', '2018-12-06', '2018-11-15', NULL, NULL, NULL),
(25, 'JKR-CKM/113/2018(T-BRK)', ' 	 	SISTEM PENYAMAN DAN PENGALIHAN UDARA UNTUK KLINIK KESIHATAN (JENIS 3) MANJOI, PERAK.		   		  ', 'KERJA', 'KEMENTERIAN KERJA RAYA', 1, 'JABATAN KERJA RAYA MALAYSIA (JKR)', '2018-12-12', '2018-11-15', NULL, NULL, NULL),
(26, 'JKR-CKM/112/2018(T-BRKIP)', ' 	 	SISTEM PENYAMAN UDARA DAN PENGUDARAAN MEKANIKAL UNTUK MENYIAPKAN BAKI KERJA BAGI PROJEK CURE & CARE REHABILITATION CENTRE (CCRC) DAN KLINIK CURE & CARE (C&C) 1MALAYSIA KUCHING, SARAWAK		   		  ', 'KERJA', 'KEMENTERIAN KERJA RAYA', 1, 'JABATAN KERJA RAYA MALAYSIA (JKR)', '2018-12-20', '2018-11-15', NULL, NULL, NULL),
(27, 'QT180000000008813', ' 	 	TENDER MEMBEKAL DAN MENGHANTAR CATUAN BAHAN-BAHAN MAKANAN MENTAH BASAH DAN KERING DI INSTITUT TADBIRAN AWAM NEGARA (INTAN) BUKIT KIARA, KUALA LUMPUR		   		  ', 'BEKALAN', 'JABATAN PERDANA MENTERI', 1, 'JABATAN PERKHIDMATAN AWAM', '2018-12-06', '2018-11-15', NULL, NULL, NULL),
(28, 'QT180000000021719', ' 	 	TENDER PEMBEKALAN BISOPROLOL FUMARATE TABLET/KAPSUL SECARA PAKEJ: A) BISOPROLOL FUMARATE 2.5MG TABLET/KAPSUL B) BISOPROLOL FUMARATE 5MG TABLET/KAPSUL		   		  ', 'BEKALAN', 'KEMENTERIAN KESIHATAN', 1, 'KEMENTERIAN KESIHATAN MALAYSIA', '2018-12-06', '2018-11-15', NULL, NULL, NULL),
(29, 'QT180000000021723', ' 	 	TENDER PEMBEKALAN DEFERASIROX DISPERSIBLE TABLET/KAPSUL SECARA PAKEJ: A) DEFERASIROX 125MG DISPERSIBLE TABLET/KAPSUL B) DEFERASIROX 500MG DISPERSIBLE TABLET/KAPSUL		   		  ', 'BEKALAN', 'KEMENTERIAN KESIHATAN', 1, 'KEMENTERIAN KESIHATAN MALAYSIA', '2018-12-06', '2018-11-15', NULL, NULL, NULL),
(30, 'QT180000000021724', ' 	 	TENDER PEMBEKALAN DUTASTERIDE 0.5MG KAPSUL/TABLET		   		  ', 'BEKALAN', 'KEMENTERIAN KESIHATAN', 1, 'KEMENTERIAN KESIHATAN MALAYSIA', '2018-12-06', '2018-11-15', NULL, NULL, NULL),
(31, 'QT180000000021716', ' 	 	TENDER PEMBEKALAN PARECOXIB SODIUM 40MG INJECTION		   		  ', 'BEKALAN', 'KEMENTERIAN KESIHATAN', 1, 'KEMENTERIAN KESIHATAN MALAYSIA', '2018-12-06', '2018-11-15', NULL, NULL, NULL),
(32, 'QT180000000027712', ' 	 	TENDER PEMBEKALAN RIBAVIRIN 200MG TABLET/KAPSUL		   		  ', 'BEKALAN', 'KEMENTERIAN KESIHATAN', 1, 'KEMENTERIAN KESIHATAN MALAYSIA', '2018-12-06', '2018-11-15', NULL, NULL, NULL),
(33, 'KPLB.T.44/2018', ' 	 	PROJEK MENAIKTARAF JALAN DARI SEKOLAH KEBANGSAAN SERING HINGGA KE KG. DUSUN, KG. PASIR KASAR, KOTA BHARU,KELANTAN		   		  ', 'KERJA', 'KEMENTERIAN PEMBANGUNAN LUAR BANDAR', 1, 'KEMENTERIAN KEMAJUAN LUAR BANDAR DAN WILAYAH', '2018-12-12', '2018-11-14', NULL, NULL, NULL),
(34, 'UTEM/TD/002/2018', ' 	 	CADANGAN MEMBINA DAN MENYIAPKAN KOMPLEKS DEWAN KULIAH DAN LAIN-LAIN KERJA BERKAITAN DI KAMPUS INDUK, UNIVERSITI TEKNIKAL MALAYSIA MELAKA, DI ATAS SEBAHAGIAN LOT PT6560, MUKIM DURIAN TUNGGAL, DAERAH ALOR GAJAH, HANG TUAH JAYA, MELAKA		   		  ', 'KERJA', 'KEMENTERIAN PENDIDIKAN MALAYSIA', 1, 'UNIVERSITI TEKNIKAL MALAYSIA MELAKA (UTEM)', '2018-12-10', '2018-11-12', NULL, NULL, NULL),
(35, 'UTEM/TD/015/2018', ' 	 	CADANGAN MEMBINA DAN MENYIAPKAN SAMBUNGAN INFRASTRUKTUR JALAN 2 LORONG DAN LAIN-LAIN KERJA BERKAITAN DI KAMPUS INDUK UNIVERSITI TEKNIKAL MALAYSIA MELAKA		   		  ', 'KERJA', 'KEMENTERIAN PENDIDIKAN MALAYSIA', 1, 'UNIVERSITI TEKNIKAL MALAYSIA MELAKA (UTEM)', '2018-12-10', '2018-11-12', NULL, NULL, NULL),
(36, 'JKR-CKM/106/2018(T-BPPP&KB)', ' 	 	KERJA-KERJA PENGGANTIAN DUA (2) UNIT LIF DAN LAIN-LAIN KERJA BERKAITAN DI MENARA KAWALAN TRAFIK UDARA, KLIA		   		  ', 'KERJA', 'KEMENTERIAN KERJA RAYA', 1, 'JABATAN KERJA RAYA MALAYSIA (JKR)', '2018-12-07', '2018-11-12', NULL, NULL, NULL),
(37, 'KP/PERO-4C/KPBT/T127/2018/DE', ' 	 	MEMBEKAL, MENGHANTAR, MEMASANG DAN MENTAULIAH DUA (2) UNIT BATALION PERUBATAN TENTERA DARAT		   		  ', 'BEKALAN', 'KEMENTERIAN PERTAHANAN', 1, 'BAHAGIAN PEROLEHAN', '2018-12-06', '2018-11-12', NULL, NULL, NULL),
(38, 'PERS/R-KPA(10)1260/69-2018', ' 	 	PEMASANGAN ELEKTRIK UNTUK UBAHSUAI DAN MENYIAPKAN KAMPUS CAWANGAN POLITEKNIK UNGKU OMAR DI BERCHAM, IPOH PERAK (TAWARAN SEMULA)		   		  ', 'KERJA', 'KEMENTERIAN KERJA RAYA', 1, 'JABATAN KERJA RAYA MALAYSIA (JKR)', '2018-12-19', '2018-11-12', NULL, NULL, NULL),
(39, 'KDN/PL 38/2018', ' 	 	PEMBEKALAN PAKAIAN GERAKAN CELORENG HIJAU UNTUK PASUKAN GERAKAN AM (PGA) DAN PASUKAN GERAKAN KHAS (PGK), POLIS DIRAJA MALAYSIA		   		  ', 'BEKALAN', 'KEMENTERIAN DALAM NEGERI', 1, 'KEMENTERIAN DALAM NEGERI', '2018-12-24', '2018-11-12', NULL, NULL, NULL),
(40, 'IKLAN PRA KELAYAKAN', ' 	 	PINDAAN TARIKH TUTUP PRA KELAYAKAN KONTRAKTOR NAIKTARAF SISTEM PENGHAWA DINGIN JENIS BERPUSAT DAN TERMASUK KERJA-KERJA LAIN BERKAITAN DI HOSPITAL TUANKU JA\'AFAR, NEGERI SEMBILAN IAITU PADA TARIKH 23 NOVEMBER 2018, JAN 12.00 TENGAH HARI		   		  ', 'KERJA', 'KEMENTERIAN KESIHATAN', 1, 'KEMENTERIAN KESIHATAN MALAYSIA', '2018-11-23', '2018-11-12', NULL, NULL, NULL),
(41, 'MOA/BPSP/07/2018(T)', ' 	 	PROJEK MENAIKTARAF TALI AIR AWEK SERTA KERJA-KERJA BERKAITAN DI KOMPARTMEN 2, SKIM PENGAIRAN BESUT, IADA KETARA, BESUT, TERENGGANU [MOA/BPSP/07/2018(T)]. (T1/G5/CE06, CE21 & CE36). WAJIB HADIR LAWATAN TAPAK PADA 19 NOVEMBER 2018 (ISNIN) DI BILIK MESYUARAT BAHAGIAN KEJURUTERAAN PERTANIAN, PEJABAT KAWASAN PEMBANGUNAN PERTANIAN BERSEPADU TERENGGANU UTARA (IADA KETARA), GERAI, 22000 JERTEH, TERENGGANU PADA PUKUL 2.15 PETANG. UNTUK MAKLUMAT LANJUT SILA LAYARI HTTP://WWW.MOA.GOV.MY/HOME.		   		  ', 'KERJA', 'KEMENTERIAN PERTANIAN DAN INDUSTRI ASAS TANI', 1, 'KEMENTERIAN PERTANIAN DAN INDUSTRI ASAS TANI', '2018-12-20', '2018-11-12', NULL, NULL, NULL),
(42, 'MOA/BPSP/06/2018(T)', ' 	 	PROJEK MENAIKTARAF TALI AIR PADANG BALOH SERTA KERJA-KERJA BERKAITAN DI KOMPARTMEN 2, SKIM PENGAIRAN BESUT, IADA KETARA, BESUT, TERENGGANU [MOA/BPSP/06/2018(T)]. (T1/G6/CE06, CE21 & CE36). WAJIB HADIR LAWATAN TAPAK PADA 19 NOVEMBER 2018 (ISNIN) DI BILIK MESYUARAT BAHAGIAN KEJURUTERAAN PERTANIAN, PEJABAT KAWASAN PEMBANGUNAN PERTANIAN BERSEPADU TERENGGANU UTARA (IADA KETARA), GERAI, 22000 JERTEH, TERENGGANU PADA PUKUL 9.30 PAGI. UNTUK MAKLUMAT LANJUT SILA LAYARI HTTP://WWW.MOA.GOV.MY/HOME.		   		  ', 'KERJA', 'KEMENTERIAN PERTANIAN DAN INDUSTRI ASAS TANI', 1, 'KEMENTERIAN PERTANIAN DAN INDUSTRI ASAS TANI', '2018-12-18', '2018-11-12', NULL, NULL, NULL),
(43, 'UM.G/G7/804/2018/17', ' 	 	CADANGAN PERKHIDMATAN MENGANGKAT SAMPAH DAN MEMBUANG SAMPAH UNIVERSITI MALAYA, 50603 KUALA LUMPUR. (PENDAFTARAN KOD BIDANG 221002 DAN 221003) BAGI PETENDER YANG BERMINAT, SILA RUJUK KENYATAAN TENDER DI PORTAL VENDOR UM (VENDOR.UM.EDU.MY) LAWATAN TAPAK DIWAJIBKAN PADA 13 NOVEMBER 2018 JAM 11.00 PAGI BERTEMPAT DI AUDITORIUM JPPHB, UM		   		  ', 'PERKHIDMATAN BUKAN PERUNDING', 'KEMENTERIAN PENDIDIKAN MALAYSIA', 1, 'UNIVERSITI MALAYA', '2018-12-06', '2018-11-09', NULL, NULL, NULL),
(44, 'IKLAN PRA KELAYAKAN', ' 	 	KERJA-KERJA MENAIKTARAF SISTEM BEKALAN AIR BERSIH DI BLOK LAMA SERTA KERJA-KERJA BERKAITAN DI HOSPITAL MELAKA		   		  ', 'KERJA', 'KEMENTERIAN KESIHATAN', 1, 'KEMENTERIAN KESIHATAN MALAYSIA', '2018-11-23', '2018-11-09', NULL, NULL, NULL),
(45, 'IKLAN PRA KELAYAKAN', ' 	 	NAIKTARAF SISTEM PENGHAWA DINGIN JENIS BERPUSAT DAN TERMASUK KERJA-KERJA LAIN BERKAITAN DI HOSPITAL TUANKU JA\'AFAR, NEGERI SEMBILAN		   		  ', 'KERJA', 'KEMENTERIAN KESIHATAN', 1, 'KEMENTERIAN KESIHATAN MALAYSIA', '2018-11-23', '2018-11-09', NULL, NULL, NULL),
(46, 'QT180000000022620', ' 	 	TENDER PEMBEKALAN FENTANYL TRANSDERMAL PATCH SECARA PAKEJ: A) FENTANYL 25MCG/H TRANSDERMAL PATCH B) FENTANYL 50MCG/H TRANSDERMAL PATCH		   		  ', 'BEKALAN', 'KEMENTERIAN KESIHATAN', 1, 'KEMENTERIAN KESIHATAN MALAYSIA', '2018-11-30', '2018-11-09', NULL, NULL, NULL),
(47, 'QT180000000022625', ' 	 	TENDER PEMBEKALAN GEMEPROST )PROSTAGLANDIN E1 SINTHETIC ANALOGUE) 1MG PESSARY		   		  ', 'BEKALAN', 'KEMENTERIAN KESIHATAN', 1, 'KEMENTERIAN KESIHATAN MALAYSIA', '2018-11-30', '2018-11-09', NULL, NULL, NULL),
(48, 'QT180000000022630', ' 	 	TENDER PEMBEKALAN GLICLAZIDE 60MG MODIFIED RELEASE TABLET/KAPSUL		   		  ', 'BEKALAN', 'KEMENTERIAN KESIHATAN', 1, 'KEMENTERIAN KESIHATAN MALAYSIA', '2018-11-30', '2018-11-09', NULL, NULL, NULL),
(49, 'QT180000000022635', ' 	 	TENDER PEMBEKALAN LEFLUNOMIDE TABLET/KAPSUL SECARA PAKEJ: A) LEFLUNOMIDE 10MG TABLET/KAPSUL B) LEFLUNOMIDE 20MG TABLET/KAPSUL		   		  ', 'BEKALAN', 'KEMENTERIAN KESIHATAN', 1, 'KEMENTERIAN KESIHATAN MALAYSIA', '2018-11-30', '2018-11-09', NULL, NULL, NULL),
(50, 'QT180000000022601', ' 	 	TENDER PEMBEKALAN TELMISARTAN TABLET/KAPSUL SECARA PAKEJ: I) TELMISARTAN 40MG TABLET/KAPSUL II) TELMISARTAN 80MG TABLET/KAPSUL		   		  ', 'BEKALAN', 'KEMENTERIAN KESIHATAN', 1, 'KEMENTERIAN KESIHATAN MALAYSIA', '2018-11-30', '2018-11-09', NULL, NULL, NULL),
(51, 'QT180000000022583', ' 	 	TENDER PEMBEKALAN TRASTUZUMAB 440MG INJECTION		   		  ', 'BEKALAN', 'KEMENTERIAN KESIHATAN', 1, 'KEMENTERIAN KESIHATAN MALAYSIA', '2018-11-30', '2018-11-09', NULL, NULL, NULL),
(52, 'QT180000000022575', ' 	 	TENDER PEMBEKALAN TRIMETAZIDINE 35MG MODIFIED RELEASE TABLET/KAPSUL		   		  ', 'BEKALAN', 'KEMENTERIAN KESIHATAN', 1, 'KEMENTERIAN KESIHATAN MALAYSIA', '2018-11-30', '2018-11-09', NULL, NULL, NULL),
(53, 'QT180000000022591', ' 	 	TENDER PEMBEKALAN USTEKINUMAB 90MG/ML INJECTION		   		  ', 'BEKALAN', 'KEMENTERIAN KESIHATAN', 1, 'KEMENTERIAN KESIHATAN MALAYSIA', '2018-11-30', '2018-11-09', NULL, NULL, NULL),
(54, 'QT180000000022591', ' 	 	TENDER PEMBEKALAN VALSARTAN 80MG & HYDROCHLOROTHIAZIDE 12.5MG TABLET/KAPSUL		   		  ', 'BEKALAN', 'KEMENTERIAN KESIHATAN', 1, 'KEMENTERIAN KESIHATAN MALAYSIA', '2018-11-30', '2018-11-09', NULL, NULL, NULL),
(55, 'UM.G/G7/804/2018/18', ' 	 	CADANGAN PERKHIDMATAN MEMBEKAL TENAGA KERJA (PEKERJA AM) BAGI KERJA PEMBERSIHAN, PEMINDAHAN, PENGANJURAN MAJLIS RASMI UNIVERSITI, PELUPUSAN DAN PENYELENGGARAAN LANSKAP KEPADA JPPHB UNIVERSITI MALAYA, 50603 KUALA LUMPUR. (PENDAFTARAN KOD BIDANG 221104) BAGI PETENDER YANG BERMINAT, SILA RUJUK KENYATAAN TENDER DI PORTAL VENDOR UM (VENDOR.UM.EDU.MY) LAWATAN TAPAK DIWAJIBKAN PADA 13 NOVEMBER 2018 JAM 10.00 PAGI BERTEMPAT DI AUDITORIUM JPPHB, UM		   		  ', 'PERKHIDMATAN BUKAN PERUNDING', 'KEMENTERIAN PENDIDIKAN MALAYSIA', 1, 'UNIVERSITI MALAYA', '2018-12-04', '2018-11-08', NULL, NULL, NULL),
(56, 'JKR/PERS/J/JB/07/2018', ' 	 	KERJA-KERJA MEMBAIKPULIH KEROSAKAN STRUKTUR BUMBUNG DI BLOK ASRAMA DAN DEWAN MAKAN DI SEKOLAH MENENGAH KEBANGSAAN (SMK) AGAMA JOHOR BAHRU, JOHOR BAHRU, JOHOR [TARAF : BUMIPUTERA / GRED : G4 / KATEGORI : B / PENGKHUSUSAN : B24 / TAKLIMAT PROJEK DIWAJIBKAN. BERKUMPUL DI DEWAN MOHD SAID, PEJABAT JURUTERA DAERAH, JKR (D) JOHOR BAHRU PADA 13.11.2018 JAM 9.00 PAGI]		   		  ', 'KERJA', 'PENTADBIRAN KERAJAAN NEGERI JOHOR', 1, 'JABATAN KERJA RAYA NEGERI JOHOR', '2018-12-04', '2018-11-08', NULL, NULL, NULL),
(57, 'PKPMP(02)(T)42/2018', ' 	 	KERJA-KERJA OPERASI DAN PENYELENGGARAAN SISTEM MEKANIKAL DAN ELEKTRIKAL DI KOMPLEKS MAHKAMAH ALOR SETAR, KEDAH BAGI TEMPOH 3 TAHUN		   		  ', 'KERJA', 'JABATAN PERDANA MENTERI', 1, 'MAHKAMAH PERSEKUTUAN MALAYSIA', '2018-12-03', '2018-11-08', NULL, NULL, NULL),
(58, 'JKR/SEL/(P)/011(T)/2018', ' 	 	KERJA-KERJA PEMBAIKAN BUMBUNG DAN LAIN-LAIN KERJA YANG BERKAITAN DI SEKOLAH MENENGAH KEBANGSAAN BANDAR BARU SULTAN SULEIMAN, PELABUHAN KLANG, SELANGOR DARUL EHSAN. LAWATAN TAPAK DIWAJIBKAN PADA PADA 12/11/2018 (ISNIN) JAM 10.00 PAGI BERTEMPAT DI SMK BANDAR BARU SULTAN SULEIMAN, PELABUHAN KLANG, DAERAH KLANG		   		  ', 'KERJA', 'PENTADBIRAN KERAJAAN NEGERI SELANGOR', 1, 'JABATAN KERJA RAYA NEGERI SELANGOR', '2018-12-03', '2018-11-08', NULL, NULL, NULL),
(59, 'F/PS/03/2018 (T)', ' 	 	KLINIK KESIHATAN (JENIS 3) DENGAN KUARTERS 2F/2G PADANG BESAR, PERLIS (G7 B04, TARIKH TAKLIMAT TAPAK (WAJIB) PADA 15.11.2018 JAM 9.30 PAGI DI DEWAN Q JKR PERLIS. TARIKH JUAL DOKUMEN 15.11.2018, TUTUP TENDER 20.12.2018(MAKLUMAT TERPERINCI RUJUK KENYATAAN AKHBAR UTUSAN MALAYSIA PADA TARIKH 8.11.2018)		   		  ', 'KERJA', 'PENTADBIRAN KERAJAAN NEGERI PERLIS', 1, 'JABATAN KERJA RAYA NEGERI PERLIS', '2018-12-20', '2018-11-08', NULL, NULL, NULL),
(60, 'KP/PEMB/TEN(L)/RL 80/2018', ' 	 	KONTRAK PERKHIDMATAN  MEMOTONG RUMPUT DAN MENCUCI LONGKANG DI RUMAH KELUARGA  TLDM (RKTLDM) LANGKAWI, KEDAH		   		  ', 'PERKHIDMATAN BUKAN PERUNDING', 'KEMENTERIAN PERTAHANAN', 1, 'KEMENTERIAN PERTAHANAN MALAYSIA', '2018-12-06', '2018-11-08', NULL, NULL, NULL),
(61, 'KP/PEMB/TEN(L)/KSA 72/ 2018', ' 	 	KONTRAK PERKHIDMATAN KAWALAN SERANGGA / PEMBASMIAN ANAI-ANAI DI PANGKALAN TLDM LUMUT, PERAK		   		  ', 'PERKHIDMATAN BUKAN PERUNDING', 'KEMENTERIAN PERTAHANAN', 1, 'KEMENTERIAN PERTAHANAN MALAYSIA', '2018-12-04', '2018-11-08', NULL, NULL, NULL),
(62, 'KP/PEMB/TEN(L)/BAT 73/2018', ' 	 	KONTRAK PERKHIDMATAN MEMBERSIH PERSEKITARAN DAN RUMAH SAMPAH DI RUMAH KELUARGA TLDM (RKTLDM) ASRAMA BUJANG KAPAL DAN ASRAMA LASKARNITA DI PANGKALAN TLDM LUMUT, PERAK		   		  ', 'PERKHIDMATAN BUKAN PERUNDING', 'KEMENTERIAN PERTAHANAN', 1, 'KEMENTERIAN PERTAHANAN MALAYSIA', '2018-12-04', '2018-11-08', NULL, NULL, NULL),
(63, 'KP/PEMB/TEN(L)/RL 56/2018', ' 	 	KONTRAK PERKHIDMATAN MEMOTONG RUMPUT DAN MENCUCI LONGKANG DI MARKAS WILAYAH LAUT 3, LANGKAWI, KEDAH		   		  ', 'PERKHIDMATAN BUKAN PERUNDING', 'KEMENTERIAN PERTAHANAN', 1, 'KEMENTERIAN PERTAHANAN MALAYSIA', '2018-12-06', '2018-11-08', NULL, NULL, NULL),
(64, 'KP/PEMB/TEN(L)/RL 57/2018', ' 	 	KONTRAK PERKHIDMATAN MEMOTONG RUMPUT DAN MENCUCI LONGKANG DI SEKTOR B PANGKALAN TLDM KOTA KINABALU, SABAH		   		  ', 'PERKHIDMATAN BUKAN PERUNDING', 'KEMENTERIAN PERTAHANAN', 1, 'KEMENTERIAN PERTAHANAN MALAYSIA', '2018-12-04', '2018-11-08', NULL, NULL, NULL),
(65, 'KP/PEMB/TEN(L)/BAT 58/2018', ' 	 	KONTRAK PERKHIDMATAN MENCUCI BANGUNAN, BILIK  AIR DAN TANDAS DI KD SRI SEMPORNA		   		  ', 'PERKHIDMATAN BUKAN PERUNDING', 'KEMENTERIAN PERTAHANAN', 1, 'KEMENTERIAN PERTAHANAN MALAYSIA', '2018-12-06', '2018-11-08', NULL, NULL, NULL),
(66, 'KP/PEMB/TEN(U)/BAT 79/2018', ' 	 	KONTRAK PERKHIDMATAN MENCUCI BANGUNAN, BILIK AIR DAN TANDAS DI PANGKALAN UDARA BUTTERWORTH		   		  ', 'PERKHIDMATAN BUKAN PERUNDING', 'KEMENTERIAN PERTAHANAN', 1, 'KEMENTERIAN PERTAHANAN MALAYSIA', '2018-12-05', '2018-11-08', NULL, NULL, NULL),
(67, 'IKLAN PRA KELAYAKAN', ' 	 	MENAIKTARAF SISTEM GAS PERUBATAN DI HOSPITAL KUALA KUBU BHARU, SELANGOR		   		  ', 'KERJA', 'KEMENTERIAN KESIHATAN', 1, 'KEMENTERIAN KESIHATAN MALAYSIA', '2018-11-22', '2018-11-08', NULL, NULL, NULL),
(68, 'IKLAN PRA KELAYAKAN', ' 	 	MENAIKTARAF SISTEM KUMBAHAN DI HOSPITAL SULTANAH AMINA, JOHOR		   		  ', 'KERJA', 'KEMENTERIAN KESIHATAN', 1, 'KEMENTERIAN KESIHATAN MALAYSIA', '2018-11-22', '2018-11-08', NULL, NULL, NULL),
(69, 'JKR(E)T/18/02', ' 	 	PEMASANGAN ELEKTRIK UNTUK KLINIK KESIHATAN (JENIS 3) PENAMBANG, KOTA BHARU, KELANTAN		   		  ', 'KERJA', 'KEMENTERIAN KERJA RAYA', 1, 'JABATAN KERJA RAYA MALAYSIA (JKR)', '2018-12-06', '2018-11-08', NULL, NULL, NULL),
(70, 'IKLAN PRA KELAYAKAN', ' 	 	PEMBINAAN BLOK MRI DI HOSPITAL TENGKU AMPUAN RAHIMAH, KLANG		   		  ', 'KERJA', 'KEMENTERIAN KESIHATAN', 1, 'KEMENTERIAN KESIHATAN MALAYSIA', '2018-11-27', '2018-11-08', NULL, NULL, NULL),
(71, 'TJP 10(A)/2018', ' 	 	PERKHIDMATAN MENAIKTARAF DAN MENAMBAHBAIK SISTEM MAKLUMAT PENGURUSAN PESALAH (SMPP) DI JABATAN PENJARA MALAYSIA. TAKLIMAT TENDER AKAN DIADAKAN PADA 13 NOVEMBER 2018 JAM 9.30 PAGI BERTEMPAT DI IBU PEJABAT PENJARA MALAYSIA KEHADIRAN ADALAH WAJIB. SEBARANG PERTANYAAN BOLEH MENGHUBUNGI PP HELMI B ABD ZAMANI (SPESIFIKASI ) DI TALIAN 03-87328230 DAN EN. KAMARUL AZHAR BIN CHEK (URUS SETIA TENDER) DI TALIAN 03-87328309		   		  ', 'BEKALAN DAN PERKHIDMATAN BUKAN PERUNDING', 'KEMENTERIAN DALAM NEGERI', 1, 'JABATAN PENJARA MALAYSIA', '2018-12-04', '2018-11-08', NULL, NULL, NULL),
(72, 'JKR/CKUB/2018', ' 	 	PRA-KELAYAKAN UNTUK PEMBINAAN BLOK BAHARU PUSAT PERKHIDMATAN STEM SEL HOSPITAL PULAU PINANG (REKA DAN BINA)		   		  ', 'KERJA', 'KEMENTERIAN KERJA RAYA', 1, 'JABATAN KERJA RAYA MALAYSIA (JKR)', '2018-12-06', '2018-11-08', NULL, NULL, NULL),
(73, 'KPLB.T.47/2018', ' 	 	PROJEK PEMASANGAN PAIP AIR DARI KOLAM TAKUNGAN AIR ORAN KE BATU BERTANGKUP DAN PEMBINAAN TANGKI MENARA KONKRIT SERTA KERJA-KERJA BERKAITAN		   		  ', 'KERJA', 'KEMENTERIAN PEMBANGUNAN LUAR BANDAR', 1, 'KEMENTERIAN KEMAJUAN LUAR BANDAR DAN WILAYAH', '2018-12-10', '2018-11-08', NULL, NULL, NULL),
(74, 'KPLB.T.45/2018', ' 	 	PROJEK PEMASANGAN PAIP AIR DARI TANGKI JENALIK KE KAMPUNG WANG PERAH TERMASUK PEMBINAAN RUMAH PAM, TANGKI SEDUTAN DAN TANGKI AIR MENARA SERTA KERJA-KERJA MEKANIKAL DAN ELEKTRIKAL		   		  ', 'KERJA', 'KEMENTERIAN PEMBANGUNAN LUAR BANDAR', 1, 'KEMENTERIAN KEMAJUAN LUAR BANDAR DAN WILAYAH', '2018-12-13', '2018-11-08', NULL, NULL, NULL),
(75, 'QT180000000027413', ' 	 	TAWARAN TENDER BERPUSAT AGI PEROLEHAN PEMBEKALAN BLOOD CULTURE BOTTLE UNTUK HOSPITAL-HOSPITAL DI KEMENTERIAN KESIHATAN BAGI TEMPOH TIGA (3) TAHUN		   		  ', 'BEKALAN', 'KEMENTERIAN KESIHATAN', 1, 'KEMENTERIAN KESIHATAN MALAYSIA', '2018-12-06', '2018-11-08', NULL, NULL, NULL),
(76, 'QT180000000021796', ' 	 	TAWARAN TENDER PERKHIDMATAN KAWALAN KESELAMATAN (BERSENJATA DAN TIDAK BERSENJATA) DAN PENGHANTARAN WANG CASH IN TRANSIT (CIT) BAGI TEMPOH DUA (2) TAHUN DI HOSPITAL SUNGAI BULOH		   		  ', 'PERKHIDMATAN BUKAN PERUNDING', 'KEMENTERIAN KESIHATAN', 1, 'JABATAN KESIHATAN NEGERI SELANGOR', '2018-12-06', '2018-11-08', NULL, NULL, NULL),
(77, 'NO. JADUAL T/P&P: 116/2018', ' 	 	KERJA-KERJA MENAIKTARAF DAN PENGGANTIAN SISTEM GAS PERUBATAN DAN KERJA-KERJA LAIN BERKAITAN DI HOSPITAL AMPANG, SELANGOR		   		  ', 'KERJA', 'KEMENTERIAN KESIHATAN', 1, 'KEMENTERIAN KESIHATAN MALAYSIA', '2018-12-05', '2018-11-07', NULL, NULL, NULL),
(78, 'NO. JADUAL T/P&P: 119/2018', ' 	 	KERJA-KERJA PENGGANTIAN 2 UNIT GENSET DAN KERJA-KERJA LAIN BERKAITAN DI HOSPITAL TENGKU AMPUAN RAHIMAH, KLANG, SELANGOR		   		  ', 'KERJA', 'KEMENTERIAN KESIHATAN', 1, 'KEMENTERIAN KESIHATAN MALAYSIA', '2018-12-10', '2018-11-07', NULL, NULL, NULL),
(79, 'NO. JADUAL T/P&P: 118/2018', ' 	 	KERJA-KERJA PENGGANTIAN LIF DI WAD 5 DAN KERJA-KERJA LAIN BERKAITAN DI HOSPITAL BUKIT MERTAJAM		   		  ', 'KERJA', 'KEMENTERIAN KESIHATAN', 1, 'KEMENTERIAN KESIHATAN MALAYSIA', '2018-12-10', '2018-11-07', NULL, NULL, NULL),
(80, 'NO. JADUAL T/P&P: 117/2018', ' 	 	KERJA-KERJA PENGGANTIAN SISTEM PENDAWAIAN ELEKTRIK DAN KERJA-KERJA LAIN BERKAITAN DI HOSPITAL TUANKU AMPUAN NAJIHAH KUALA PILAH, NEGERI SEMBILAN (TENDER SEMULA)		   		  ', 'KERJA', 'KEMENTERIAN KESIHATAN', 1, 'KEMENTERIAN KESIHATAN MALAYSIA', '2018-12-07', '2018-11-07', NULL, NULL, NULL),
(81, 'JKR/PERS/J/17/2018', ' 	 	CADANGAN MENYIAPKAN BAKI KERJA BAGI KLINIK KESIHATAN 3 (KK3) CERMAI 2 DAN KUARTERS BENUT, PONTIAN, JOHOR (FASA 2 : KERJA BANGUNAN DAN LAIN-LAIN KERJA BERKAITAN) [TARAF : BUMIPUTERA / GRED : G7 / KATEGORI : B / PENGKHUSUSAN : B29 & MEMPUNYAI SIJIL KONTRAKTOR PENYIAP YANG DIKELUARKAN KKR / TAKLIMAT TAPAK : DIWAJIBKAN. BERKUMPUL DI PEJABAT JURUTERA JKR (D) PONTIAN PADA 12.11.2018 (ISNIN) PADA JAM 9.00 PAGI]		   		  ', 'KERJA', 'PENTADBIRAN KERAJAAN NEGERI JOHOR', 1, 'JABATAN KERJA RAYA NEGERI JOHOR', '2018-12-03', '2018-11-05', NULL, NULL, NULL),
(82, 'JKR/NEG/J/20/2018', ' 	 	KERJA-KERJA PENGUBAHSUAIAN BILIK LATIHAN 1SPEKS, PEJABAT PERBENDAHARAAN NEGERI JOHOR DI ARAS 2, BANGUNAN DATO\' ABDUL RAHMAN ANDAK, KOTA ISKANDAR, JOHOR [TARAF : BUMIPUTERA / GRED : G4 / KATEGORI : B / PENGKHUSUSAN : B04 / LAWATAN TAPAK : DIWAJIBKAN. BERKUMPUL DI BILIK MESYUARAT PEJABAT SENGGARA ASET NEGERI JKR JOHOR PADA 13.11.2018 (SELASA) PADA JAM 10.00 PAGI]		   		  ', 'KERJA', 'PENTADBIRAN KERAJAAN NEGERI JOHOR', 1, 'JABATAN KERJA RAYA NEGERI JOHOR', '2018-12-04', '2018-11-05', NULL, NULL, NULL),
(83, 'JKR/CKUB/2018', ' 	 	KUARTERS KAKITANGAN KESIHATAN WILAYAH PERSEKUTUAN LABUAN (TENDER SEMULA) TAKLIMAT TENDER 15.11.2018		   		  ', 'KERJA', 'KEMENTERIAN KERJA RAYA', 1, 'JABATAN KERJA RAYA MALAYSIA (JKR)', '2018-12-06', '2018-11-05', NULL, NULL, NULL),
(84, 'JKR/CKUB/2018', ' 	 	KUARTERS KAKITANGAN KESIHATAN WILAYAH PERSEKUTUAN LABUAN (TENDER SEMULA) TAKLIMAT TENDER 15.11.2018		   		  ', 'KERJA', 'KEMENTERIAN KERJA RAYA', 1, 'JABATAN KERJA RAYA MALAYSIA (JKR)', '2018-12-06', '2018-11-05', NULL, NULL, NULL),
(85, 'JKR/CKUB/2018', ' 	 	KUARTERS KAKITANGAN KESIHATAN WILAYAH PERSEKUTUAN LABUAN (TENDER SEMULA) TAKLIMAT TENDER 15.11.2018		   		  ', 'KERJA', 'KEMENTERIAN KERJA RAYA', 1, 'JABATAN KERJA RAYA MALAYSIA (JKR)', '2018-12-06', '2018-11-05', NULL, NULL, NULL),
(86, 'JKR/CKUB/2018', ' 	 	KUARTERS KAKITANGAN KESIHATAN WILAYAH PERSEKUTUAN LABUAN (TENDER SEMULA) TAKLIMAT TENDER 15.11.2018		   		  ', 'KERJA', 'KEMENTERIAN KERJA RAYA', 1, 'JABATAN KERJA RAYA MALAYSIA (JKR)', '2018-12-06', '2018-11-05', NULL, NULL, NULL),
(87, 'LKTN/(S)/110/7 JLD. 3(18)', ' 	 	MEMBEKAL, MENGHANTAR, MEMASANG, MENGUJITERIMA DAN MENTAULIAH SISTEM PEMBERSIHAN DAN PEMOTONGAN FIBER KENAF SEBAGAIMANA SPESIFIKASI DI DOKUMEN TENDER UNTUK LEMBAGA KENAF DAN TEMBAKAU NEGARA		   		  ', 'BEKALAN', 'KEMENTERIAN PERUSAHAAN, PERLADANGAN DAN KOMODITI', 1, 'LEMBAGA KENAF DAN TEMBAKAU NEGARA (LKTN)', '2018-12-06', '2018-11-05', NULL, NULL, NULL),
(88, 'KP(BP-T) TEN.68/2018', ' 	 	PEMBINAAN SEK BAHARU 24 BD (200) PELAJAR ASRAMA,(24 UNIT) RUMAH GURU & LAIN-LAIN KEMUDAHAN DI SK SAMALAJU,BINTULU,SARAWAK(TAKLIMAT: 8/11/2018 10.00 PAGI PPD,BINTULU,SARAWAK)(JUAL 12-16/11/2018 JPN SARAWAK		   		  ', 'KERJA', 'KEMENTERIAN PENDIDIKAN MALAYSIA', 1, 'BAHAGIAN PEMBANGUNAN', '2018-12-03', '2018-11-05', NULL, NULL, NULL),
(89, 'JKR/CKUB/2018', ' 	 	PRA-KELAYAKAN UNTUK NAIKTARAF JABATAN KECEMASAN HOSPITAL KUALA LUMPUR (REKA DAN BINA) - TENDER SEMULA		   		  ', 'KERJA', 'KEMENTERIAN KERJA RAYA', 1, 'JABATAN KERJA RAYA MALAYSIA (JKR)', '2018-12-03', '2018-11-05', NULL, NULL, NULL),
(90, 'JKR/CKUB/2018', ' 	 	PRA-KELAYAKAN UNTUK NAIKTARAF SISTEM GAS PERUBATAN, SISTEM ELEKTRIK DAN KERJA-KERJA BERKAITAN DI BANGUNAN UTAMA HOSPITAL SULTANAH NUR ZAHIRAH, KUALA TERENGGANU, TERENGGANU ( REKA DAN BINA)		   		  ', 'KERJA', 'KEMENTERIAN KERJA RAYA', 1, 'JABATAN KERJA RAYA MALAYSIA (JKR)', '2018-11-27', '2018-11-05', NULL, NULL, NULL),
(91, 'QT180000000027658', ' 	 	TAWARAN SEMULA TENDER PERKHIDMATAN MEMBERSIH BANGUNAN DAN KAWASAN TERMASUK PENYELENGGARAAN LANDSKAP DI POLITEKNIK KOTA BHARU TERBUKA KEPADA PETENDER YANG TELAH HADIR LAWATAN TAPAK PADA 29 OKT 2018 DI DEWAN AL-GHAZALI POLITEKNIK KOTA BHARU.		   		  ', 'PERKHIDMATAN BUKAN PERUNDING', 'KEMENTERIAN PENDIDIKAN MALAYSIA', 1, 'JABATAN PENGAJIAN POLITEKNIK', '2018-11-26', '2018-11-05', NULL, NULL, NULL),
(92, 'KP(BP-T) TEN.46/2018', ' 	 	CADANGAN MEMBINA DAN MENYIAPKAN SEBUAH DEWAN TERTUTUP SEKOLAH MENENGAH KEBANGSAAN TAMAN TUANKU JAAFAR, SEREMBAN, NEGERI SEMBILAN UNTUK KEMENTERIAN PENDIDIKAN MALAYSIA - PENYIAPAN PROJEK TERBENGKALAI. SYARAT PENDAFTARAN : BERDAFTAR DENGAN CIDB, SIJIL PEROLEHAN KERJA KERAJAAN DALAM GRED G4 DAN KE ATAS. MEMPUNYAI SIJIL KONTRAKTOR PENYIAP DARIPADA KEMENTERIAN KERJA RAYA(KKR). SKOR CIDB : 3 BINTANG DAN KE ATAS.		   		  ', 'KERJA', 'KEMENTERIAN PENDIDIKAN MALAYSIA', 1, 'BAHAGIAN PEMBANGUNAN', '2018-12-05', '2018-11-01', NULL, NULL, NULL),
(93, 'JKR/NEG/16(T)2018', ' 	 	CADANGAN PEMBINAAN BANGUNAN KOMPLEKS ISLAM JAJAHAN PASIR PUTEH, KELANTAN		   		  ', 'KERJA', 'PENTADBIRAN KERAJAAN NEGERI KELANTAN', 1, 'JABATAN KERJA RAYA NEGERI KELANTAN', '2018-12-06', '2018-11-01', NULL, NULL, NULL),
(94, 'KDN/PL 37/2018-PT', ' 	 	KDN/PL 37/2018-PT PEMBEKALAN DAN PENGHANTARAN VAN PENUMPANG GUNASAMA UNTUK POLIS DIRAJA MALAYSIA (PDRM), KOD BIDANG:110103 DAN 110106, DOKUMEN TENDER BOLEH DIPEROLEHI SECARA PERCUMA DI HALAMAN WEB EPEROLEHAN, PEGAWAI YANG BOLEH DIHUBUNGI : EN.MOHD SAIFUL BIN MOHD ZAIN DI TALIAN 03-88868171, PN.KARSINAH BT AHMAD 03-88868294		   		  ', 'BEKALAN', 'KEMENTERIAN DALAM NEGERI', 1, 'KEMENTERIAN DALAM NEGERI', '2018-11-22', '2018-11-01', NULL, NULL, NULL),
(95, 'JKR-CKM/110/2018(T-BPK&PA)', ' 	 	KERJA-KERJA MEMBEKAL, MEMASANG, MENGUJI DAN MENGUJITERIMA SISTEM VEHICLE TESTING LANE (VTL) DAN PERALATAN WOKSYOP SERTA KERJA-KERJA BERKAITAN DI JABATAN KERJA RAYA CAWANGAN KEJURUTERAAN MEKANIKAL NEGERI JOHOR		   		  ', 'KERJA', 'KEMENTERIAN KERJA RAYA', 1, 'JABATAN KERJA RAYA MALAYSIA (JKR)', '2018-12-06', '2018-11-01', NULL, NULL, NULL),
(96, 'JKR-CKM/111/2018(T-BPK&PA)', ' 	 	KERJA-KERJA MEMBEKAL, MEMASANG, MENGUJI DAN MENGUJITERIMA SISTEM VEHICLE TESTING LANE (VTL) DI JABATAN KERJA RAYA CAWANGAN KEJURUTERAAN MEKANIKAL NEGERI PERAK? DAN PERALATAN WOKSYOP SERTA KERJA-KERJA BERKAITAN DI JABATAN KERJA RAYA CAWANGAN KEJURUTERAAN MEKANIKAL NEGERI PERAK, TERENGGANU DAN PULAU PINANG		   		  ', 'KERJA', 'KEMENTERIAN KERJA RAYA', 1, 'JABATAN KERJA RAYA MALAYSIA (JKR)', '2018-12-06', '2018-11-01', NULL, NULL, NULL),
(97, 'KDN/PB/T/04/2018', ' 	 	PENGURUSAN FASILITI DAN PENYELENGGARAAN DI KOMPLEKS KEMENTERIAN DALAM NEGRI CAWANGAN PAHANG BAGI TAHUN 2019 SEHINGGA 2022 (TARIKH LAWATAN TAPAK PADA 8 NOVEMBER 2018 (KHAMIS) JAM 9.30 PAGI DI BILIK MESYUARAT UTAMA, ARAS 7, KOMPLEKS KEMENTERIAN DALAM NEGERI (KDN) PAHANG, BANDAR INDERA MAHKOTA, 25200, KUANTAN PAHANG.) (BERDAFTAR DENGAN CIDB GRED G5)		   		  ', 'KERJA', 'KEMENTERIAN DALAM NEGERI', 1, 'KEMENTERIAN DALAM NEGERI', '2018-12-07', '2018-11-01', NULL, NULL, NULL),
(98, 'T 0118018', ' 	 	PERKHIDMATAN INSURANS UNTUK MAJLIS PERBANDARAN SEBERANG PERAI BAGI TEMPOH DUA (2) TAHUN		   		  ', 'PERKHIDMATAN BUKAN PERUNDING', 'KEMENTERIAN PERUMAHAN DAN KERAJAAN TEMPATAN', 1, 'MAJLIS PERBANDARAN SEBERANG PERAI', '2018-11-21', '2018-11-01', NULL, NULL, NULL),
(99, 'T 0118015', ' 	 	PERKHIDMATAN KAWALAN KESELAMATAN DI PREMIS-PREMIS DI ZON A MAJLIS PERBANDARAN SEBERANG PERAI		   		  ', 'PERKHIDMATAN BUKAN PERUNDING', 'KEMENTERIAN PERUMAHAN DAN KERAJAAN TEMPATAN', 1, 'MAJLIS PERBANDARAN SEBERANG PERAI', '2018-11-28', '2018-11-01', NULL, NULL, NULL),
(100, 'T 0118021', ' 	 	PERKHIDMATAN KAWALAN KESELAMATAN DI PREMIS-PREMIS DI ZON B MAJLIS PERBANDARAN SEBERANG PERAI		   		  ', 'PERKHIDMATAN BUKAN PERUNDING', 'KEMENTERIAN PERUMAHAN DAN KERAJAAN TEMPATAN', 1, 'MAJLIS PERBANDARAN SEBERANG PERAI', '2018-11-28', '2018-11-01', NULL, NULL, NULL),
(101, 'JKR2018', ' 	 	PRA-KELAYAKAN PEMBINAAN BANGUNAN TAMBAHAN HOSPITAL MIRI, SARAWAK (REKA & BINA) - TENDER SEMULA		   		  ', 'KERJA', 'KEMENTERIAN KERJA RAYA', 1, 'JABATAN KERJA RAYA MALAYSIA (JKR)', '2018-11-22', '2018-11-01', NULL, NULL, NULL),
(102, 'KP(BP-T)TEN.71/2018', ' 	 	PEMBINAAN BANGUNAN BAHARU PEJABAT PENDIDIKAN DAERAH DAN LAIN-LAIN KEMUDAHAN DI PEJABAT PENDIDIKAN DAERAH SIMUNJAN, SARAWAK (TARIKH, TEMPAT DAN MASA TAKLIMAT TAPAK: 8 NOVEMBER 2018 (KHAMIS) PENDAFTARAN JAM 11.00 PAGI TAKLIMAT JAM 12.00 PAGI) (TARIKH JUAL TENDER 19 - 23 NOVEMBER 2018 DI KAUNTER JUALAN TENDER, JABATAN PENDIDIKAN NEGERI SARAWAK, UNIT PEMBANGUNAN, JALAN DIPLOMATIK OFF, JALAN BAKO, PETRA JAYA 93050 KUCHING, SARAWAK)		   		  ', 'KERJA', 'KEMENTERIAN PENDIDIKAN MALAYSIA', 1, 'BAHAGIAN PEMBANGUNAN', '2018-12-10', '2018-10-31', NULL, NULL, NULL),
(103, 'KPLB.T.34/2018', ' 	 	PROJEK BEKALAN AIR LUAR BANDAR (BALB) KAWASAN MARUDI, BAHAGIAN MIRI, SARAWAK		   		  ', 'KERJA', 'KEMENTERIAN PEMBANGUNAN LUAR BANDAR', 1, 'KEMENTERIAN KEMAJUAN LUAR BANDAR DAN WILAYAH', '2018-12-06', '2018-10-31', NULL, NULL, NULL),
(104, 'KPLB.T.35/2018', ' 	 	PROJEK BEKALAN AIR LUAR BANDAR (BALB) SISTEM RETIKULASI NEGERI PERAK TAHUN 2015		   		  ', 'KERJA', 'KEMENTERIAN PEMBANGUNAN LUAR BANDAR', 1, 'KEMENTERIAN KEMAJUAN LUAR BANDAR DAN WILAYAH', '2018-11-30', '2018-10-31', NULL, NULL, NULL),
(105, 'KPLB.T.35/2018', ' 	 	PROJEK BEKALAN AIR LUAR BANDAR (BALB) SISTEM RETIKULASI NEGERI PERAK TAHUN 2015		   		  ', 'KERJA', 'KEMENTERIAN PEMBANGUNAN LUAR BANDAR', 1, 'KEMENTERIAN KEMAJUAN LUAR BANDAR DAN WILAYAH', '2018-11-30', '2018-10-31', NULL, NULL, NULL),
(106, 'KPLB.T.32/2018', ' 	 	PROJEK BEKALAN AIR LUAR BANDAR (BALB) SISTEM RETIKULASI TAHUN 2016 NEGERI SARAWAK ZON 7 - SIBU		   		  ', 'KERJA', 'KEMENTERIAN PEMBANGUNAN LUAR BANDAR', 1, 'KEMENTERIAN KEMAJUAN LUAR BANDAR DAN WILAYAH', '2018-12-03', '2018-10-31', NULL, NULL, NULL),
(107, 'KPLB.T.33/2018', ' 	 	PROJEK BEKALAN AIR LUAR BANDAR (BALB) SISTEM RETIKULASI TAHUN 2016 NEGERI SARAWAK ZON 9 - BINTULU		   		  ', 'KERJA', 'KEMENTERIAN PEMBANGUNAN LUAR BANDAR', 1, 'KEMENTERIAN KEMAJUAN LUAR BANDAR DAN WILAYAH', '2018-12-03', '2018-10-31', NULL, NULL, NULL),
(108, 'KP(BP-T)TEN.65/2018', ' 	 	PROJEK MENAIKTARAF SEKOLAH MENENGAH VOKASIONAL SUNGAI BULOH, SELANGOR KEPADA KOLEJ VOKASIONAL SUNGAI BULOH, SELANGOR (TARIKH, TEMPAT DAN MASA TAKLIMAT TAPAK: 12 NOVEMBER 2018 (ISNIN) PENDAFTARAN JAM 10.30 PAGI TAKLIMAT JAM 11.30 PAGI) (TARIKH JUAL TENDER 26 - 30 NOVEMBER 2018 DI KAUNTER JUALAN TENDER, BAHAGIAN PEMBANGUNAN PELAJARAN, KPM, ARAS 1, BLOK E2, KOMPLEKS E, 62604 PUTRAJAYA)		   		  ', 'KERJA', 'KEMENTERIAN PENDIDIKAN MALAYSIA', 1, 'BAHAGIAN PEMBANGUNAN', '2018-12-17', '2018-10-31', NULL, NULL, NULL),
(109, 'JPS/IP/PB/06/2017- (NSC 01)', ' 	 	NOMINATED SUB-CONTRACTOR FOR MECHANICAL AND ELECTRICAL WORKS FOR: PROJEK PEMBANGUNAN LEMBANGAN SUNGAI BERSEPADU SUNGAI KUANTAN. PAHANG DARUL MAKMUR PAKEJ 1: PROJEK MENAIKTARAF SG. BELAT DAN MEMBINA STRUKTUR PENCEGAH BANJIR SERTA KERJA-KERJA BERKAITAN		   		  ', 'KERJA', 'KEMENTERIAN AIR, TANAH DAN SUMBER ASLI', 1, 'JABATAN PENGAIRAN DAN SALIRAN', '2018-11-29', '2018-10-30', NULL, NULL, NULL),
(110, 'KP/PEMB/TEN(A/3K)/HK 75/2018', ' 	 	KONTRAK PERKHIDMATAN HOUSEKEEPING DI PUSAT PENGAMAN MALAYSIA (PPM) PORT DICKSON, NEGERI SEMBILAN		   		  ', 'PERKHIDMATAN BUKAN PERUNDING', 'KEMENTERIAN PERTAHANAN', 1, 'KEMENTERIAN PERTAHANAN MALAYSIA', '2018-11-22', '2018-10-29', NULL, NULL, NULL),
(111, 'KP/PEMB/TEN(A/3K)/RL 76/2018', ' 	 	KONTRAK PERKHIDMATAN MEMOTONG RUMPUT DAN MENCUCI LONGKANG DI RKAT DESA WANGSA KERAMAT, PANGSAPURI ATM, KELOMPOK NURI, RUMAH PERKASA DAN KEM KEMENTAH		   		  ', 'PERKHIDMATAN BUKAN PERUNDING', 'KEMENTERIAN PERTAHANAN', 1, 'KEMENTERIAN PERTAHANAN MALAYSIA', '2018-11-21', '2018-10-29', NULL, NULL, NULL),
(112, 'KP/PEMB/TEN(A/3K)/BAT 77/2018', ' 	 	KONTRAK PERKHIDMATAN MENCUCI BANGUNAN DAN MEMBERSIH KAWASAN DI RKAT DESA WANGSA KERAMAT, PANGSAPURI ATM, KELOMPOK NURI DAN KEM KEMENTAH		   		  ', 'PERKHIDMATAN BUKAN PERUNDING', 'KEMENTERIAN PERTAHANAN', 1, 'KEMENTERIAN PERTAHANAN MALAYSIA', '2018-11-21', '2018-10-29', NULL, NULL, NULL),
(113, 'KP/PEMB/TEN(A/3K)/RL 78/2018', ' 	 	KONTRAK PERKHIDMATAN MENCUCI BANGUNANDAN MEMBERSIH KAWASAN DI BANGUNAN WIRA JATI, BANGUNAN HAL EHWAL WANITA DAN 104 KPTD		   		  ', 'PERKHIDMATAN BUKAN PERUNDING', 'KEMENTERIAN PERTAHANAN', 1, 'KEMENTERIAN PERTAHANAN MALAYSIA', '2018-11-21', '2018-10-29', NULL, NULL, NULL),
(114, 'JKR/CKUB/2018', ' 	 	PRA-KELAYAKAN UNTUK CADANGAN PEMBINAAN HOSPITAL LAWAS (76 KATIL) LAWAS, SARAWAK (REKA DAN BINA) FASA 2B: KERJA BANGUNAN DAN KERJA-KERJA BERKAITAN -TENDER SEMULA		   		  ', 'KERJA', 'KEMENTERIAN KERJA RAYA', 1, 'JABATAN KERJA RAYA MALAYSIA (JKR)', '2018-11-29', '2018-10-29', NULL, NULL, NULL),
(115, 'KPLB.T.36/2018', ' 	 	PROJEK JALAN DARI KG. SG. BATU / KG. SG. PASIR / LADANG DUBLIN, DAERAH BANDAR BAHARU, KEDAH		   		  ', 'KERJA', 'KEMENTERIAN PEMBANGUNAN LUAR BANDAR', 1, 'KEMENTERIAN KEMAJUAN LUAR BANDAR DAN WILAYAH', '2018-11-28', '2018-10-29', NULL, NULL, NULL),
(116, 'QT180000000021106', ' 	 	SUPPLY, DELIVER, TESTING, COMMISIONING AND ACCEPTANCE OF RAPID INTERVENTION MOTORCYCLE (RIM) COMPLETE WITH EQUIPMENT AND ACCESSORIES FOR FIRE AND RESCUE DEPARTMENT, MALAYSIA (HANYA PENAMA DI DALAM SIJIL MOF DAN SYARIKAT DENGAN KOD BIDANG YANG DITETAPKAN SAHAJA YANG BOLEH MENGHADIRI TAKLILMAT) TARIKH TAKLIMAT : 31 OKTOBER 2018 VENUE : BILIK TANJUNG IP JBPM PUTRAJAYA MASA : 3.00 PETANG.		   		  ', 'BEKALAN', 'KEMENTERIAN PERUMAHAN DAN KERAJAAN TEMPATAN', 1, 'JABATAN BOMBA & PENYELAMAT MALAYSIA', '2018-11-21', '2018-10-27', NULL, NULL, NULL),
(117, 'QT180000000021108', ' 	 	SUPPLY, DELIVER, TESTING, COMMISIONING AND ACCEPTANCE OF VOLUNTEER FIRE RESPONSE VEHICLE (VFRV) COMPLETE WITH FITTING & ACCESSORIES FOR FIRE AND RESCUE DEPARTMENT, MALAYSIA. (HANYA PENAMA DI DALAM SIJIL MOF DAN SYARIKAT DENGAN KOD BIDANG YANG DITETAPKAN SAHAJA YANG BOLEH MENGHADIRI TAKLILMAT) TARIKH TAKLIMAT : 31 OKTOBER 2018 VENUE : BILIK TANJUNG IP JBPM PUTRAJAYA MASA : 10.00 PAGI		   		  ', 'BEKALAN', 'KEMENTERIAN PERUMAHAN DAN KERAJAAN TEMPATAN', 1, 'JABATAN BOMBA & PENYELAMAT MALAYSIA', '2018-11-21', '2018-10-27', NULL, NULL, NULL),
(118, 'QT80000000015073', ' 	 	PERKHIDMATAN PENYEWAAN PERALATAN ICT UNTUK TEMPOH TIGA (3) TAHUN DI IBU PEJABAT KEMENTERIAN TENAGA, SAINS, TEKNOLOGI, ALAM SEKITAR DAN PERUBAHAN IKLIM (MESTECC)		   		  ', 'PERKHIDMATAN BUKAN PERUNDING', 'KEMENTERIAN TENAGA, SAINS, TEKNOLOGI, ALAM SEKITAR DAN PERUBAHAN IKLIM', 1, 'KEMENTERIAN TENAGA, SAINS, TEKNOLOGI, ALAM SEKITAR DAN PERUBAHAN IKLIM', '2018-11-22', '2018-10-26', NULL, NULL, NULL),
(119, 'JKNP-02/2018 (P)', ' 	 	PERKHIDMATAN SOKONGAN KLINIK (PSK) KEMENTERIAN KESIHATAN MALAYSIA DI NEGERI PAHANG		   		  ', 'PERKHIDMATAN BUKAN PERUNDING', 'KEMENTERIAN KESIHATAN', 1, 'JABATAN KESIHATAN NEGERI PAHANG', '2018-11-22', '2018-10-26', NULL, NULL, NULL),
(120, 'KP/PERO-4D/RSKP/T070/2018/OE', ' 	 	PEROLEHAN MEMBEKAL RANGSUM SEGAR, KERING, PUKAL DAN RANGSUM TAMBAHAN KAWASAN BRIGED ESSCOM DAN FELDA SAHABAT LAHAD DATU, SABAH UNTUK TEMPOH TIGA (3) TAHUN		   		  ', 'BEKALAN', 'KEMENTERIAN PERTAHANAN', 1, 'BAHAGIAN PEROLEHAN', '2018-11-22', '2018-10-26', NULL, NULL, NULL),
(121, 'JKNP-01/2018 (B)', ' 	 	PROJEK NAIK TARAF SISTEM BEKALAN STIM DI HOSPITAL SULTAN HAJI AHMAD SHAH, TEMERLOH, PAHANG		   		  ', 'BEKALAN', 'KEMENTERIAN KESIHATAN', 1, 'JABATAN KESIHATAN NEGERI PAHANG', '2018-11-23', '2018-10-26', NULL, NULL, NULL),
(122, 'JKR/NS/TEN/KUB/100/2018', ' 	 	KLINIK KESIHATAN (JENIS 4) DENGAN KUARTERS (2D & 18G) ROMPIN, JEMPOL, NEGERI SEMBILAN DARUL KHUSUS. TAKLIMAT DAN LAWATAN TAPAK ADALAH DIWAJIKAN. BERKUMPUL DI DEWAN ORANG RAMAI ROMPIN, 73500 ROMPIN, NEGERI SEMBILAN PADA 29.10.2018 JAM 10.30 PAGI.		   		  ', 'KERJA', 'PENTADBIRAN KERAJAAN NEGERI SEMBILAN', 1, 'JABATAN KERJA RAYA NEGERI SEMBILAN', '2018-11-29', '2018-10-25', NULL, NULL, NULL),
(123, 'KP/PEMB/TEN(U)/RL 65/2018', ' 	 	KONTRAK PERKHIDMATAN MEMOTONG RUMPUT DAN MENCUCI LONGKANG DI KOMPLEKS TUDM BUKIT KUBONG DAN RKAT TUDM GANGGARAK		   		  ', 'PERKHIDMATAN BUKAN PERUNDING', 'KEMENTERIAN PERTAHANAN', 1, 'KEMENTERIAN PERTAHANAN MALAYSIA', '2018-11-22', '2018-10-25', NULL, NULL, NULL),
(124, 'TJP 5/2018', ' 	 	PERKHIDMATAN PENYELENGGARAAN SISTEM KESELAMATAN ELEKTRONIK BERSEPADU (SKEB) DI PENJARA TAPAH, PERAK. LAWATAN TAPAK PADA 31.10.2018 JAM 10 PAGI BERTEMPAT DI PENJARA TAPAH. DOKUMEN TENDER BOLEH DIDAPATI PADA WAKTU PEJABAT DI BAHAGIAN PEMBANGUNAN DAN PEROLEHAN, IBU PEJABAT PENJARA MALAYSIA.HARGA DOKUMEN TENDER IALAH RM100.00.SEBARANG PERTANYAAN BOLEH MENGHUBUNGI EN. KAMARUL AZHAR DI 03-87328309		   		  ', 'BEKALAN DAN PERKHIDMATAN BUKAN PERUNDING', 'KEMENTERIAN DALAM NEGERI', 1, 'JABATAN PENJARA MALAYSIA', '2018-11-21', '2018-10-25', NULL, NULL, NULL),
(125, 'BBA / (T) / 19 / 2018', ' 	 	PROGRAM NON - REVENUE WATER (NRW) NASIONAL PENDEKATAN 1 NEGERI KELANTAN PAKEJ 1 - PENUKARAN METER SIV, METER PENGGUNA, PEMETAAN GIS DAN PEMBAIKAN TANGKI. TAKLIMAT/LAWATAN TAPAK ADALAH DIWAJIKAN. BERKUMPUL DI BILIK SEMINAR, TINGKAT 6, WISMA AIR KELANTAN, JALAN KUALA KRAI, 15050 KOTA BHARU, KELANTAN PADA 13 NOVEMBER 2018 (SELASA) JAM 10.00 PAGI. GRED (G7) KATEGORI (CE) PENGKHUSUSAN (CE20 & CE21).		   		  ', 'KERJA', 'KEMENTERIAN AIR, TANAH DAN SUMBER ASLI', 1, 'JABATAN BEKALAN AIR', '2018-12-12', '2018-10-25', NULL, NULL, NULL),
(126, 'BBA / (T) / 20 / 2018', ' 	 	PROGRAM NON - REVENUE WATER (NRW) NASIONAL PENDEKATAN 1 NEGERI PAHANG PAKEJ 1 - PENUKARAN METER SIV, METER PENGGUNA DAN PEMETAAN GIS. TAKLIMAT/LAWATAN TAPAK ADALAH DIWAJIKAN. BERKUMPUL DI BILIK MESYUARAT, TINGKAT 1, PENGURUSAN AIR PAHANG BERHAD (PAIP), BANDAR INDERA MAHKOTA, 25200 KUANTAN, PAHANG PADA15 NOVEMBER 2018 (KHAMIS) JAM 10.00 PAGI. GRED (G7) KATEGORI (CE) PENGKHUSUSAN (CE20 & CE21).		   		  ', 'KERJA', 'KEMENTERIAN AIR, TANAH DAN SUMBER ASLI', 1, 'JABATAN BEKALAN AIR', '2018-12-17', '2018-10-25', NULL, NULL, NULL),
(127, 'BBA / (T) / 04 / 2018', ' 	 	PROGRAM NON - REVENUE WATER (NRW) NASIONAL PENDEKATAN 1 NEGERI PERLIS. TAKLIMAT/LAWATAN TAPAK ADALAH DIWAJIKAN. BERKUMPUL DI SYARIKAT AIR PERLIS SDN. BHD (SAP),KOMPLEKS JKR NEGERI PERLIS, KM 3, JALAN RAJA SYED ALWI, 01000 KANGAR, PERLIS PADA 1 NOVEMBER 2018 (KHAMIS) JAM 10.00 PAGI. GRED (G7) KATEGORI (CE) PENGKHUSUSAN (CE20 & CE21).		   		  ', 'KERJA', 'KEMENTERIAN AIR, TANAH DAN SUMBER ASLI', 1, 'JABATAN BEKALAN AIR', '2018-12-03', '2018-10-25', NULL, NULL, NULL),
(128, 'BBA / (T) / 11 / 2018', ' 	 	PROGRAM NON - REVENUE WATER (NRW) NASIONAL PENDEKATAN 1 NEGERI SABAH PAKEJ 1-PENUKARAN METER SIV, METER PENGGUNA DAN PEMETAAN GIS. TAKLIMAT/LAWATAN TAPAK ADALAH DIWAJIKAN. BERKUMPUL DI PUSAT LATIHAN JABATAN AIR NEGERI SABAH, JALAN SAILAN, PUTATAN, 88200 KOTA KINABALU, SABAH PADA19 NOVEMBER 2018 (ISNIN) JAM 10.00 PAGI. GRED (G7) KATEGORI (CE) PENGKHUSUSAN (CE20 & CE21).		   		  ', 'KERJA', 'KEMENTERIAN AIR, TANAH DAN SUMBER ASLI', 1, 'JABATAN BEKALAN AIR', '2018-12-19', '2018-10-25', NULL, NULL, NULL),
(129, 'BBA / (T) / 09 / 2018', ' 	 	PROGRAM NON - REVENUE WATER (NRW) NASIONAL PENDEKATAN 1 NEGERI SARAWAK PAKEJ 1 - BAHAGIAN SERIAN,SARIKEI, SRI AMAN, KOTA SAMARAHAN, KUCHING. TAKLIMAT/LAWATAN TAPAK ADALAH DIWAJIKAN. BERKUMPUL DI MEETING ROOM, LEVEL MEZZANINE, IBU PEJABAT, JABATAN BEKALAN AIR LUAR BANDAR (JBALB) SARAWAK, BANGUNAN ST3, NO. 55, JALAN SIMPANG TIGA, 93350 KUCHING, SARAWAK PADA 08 NOVEMBER 2018 (KHAMIS) JAM 10.00 PAGI. GRED (G7) KATEGORI (CE) PENGKHUSUSAN (CE20 & CE21).		   		  ', 'KERJA', 'KEMENTERIAN AIR, TANAH DAN SUMBER ASLI', 1, 'JABATAN BEKALAN AIR', '2018-12-21', '2018-10-25', NULL, NULL, NULL),
(130, 'BBA / (T) / 17 / 2018', ' 	 	PROGRAM PENGURANGAN KADAR AIR TIDAK TERHASIL KEBANGSAAN (NRW NASIONAL) PENDEKATAN 1 BAGI LABUAN. TAKLIMAT/LAWATAN TAPAK ADALAH DIWAJIKAN. BERKUMPUL DI JABATAN BEKALAN AIR LABUAN, KEMENTERIAN AIR, TANAH DAN SUMBER ASLI, JALAN JUMIDAR BUYONG, 87000 WILAYAH PERSEKUTUAN LABUAN PADA 9 NOVEMBER 2018 (JUMAAT) JAM 9.00 PAGI. GRED (G7) KATEGORI (CE) PENGKHUSUSAN (CE20 & CE21).		   		  ', 'KERJA', 'KEMENTERIAN AIR, TANAH DAN SUMBER ASLI', 1, 'JABATAN BEKALAN AIR', '2018-12-10', '2018-10-25', NULL, NULL, NULL),
(131, 'PSA/PENT/(S)/400-10/3/10', ' 	 	TENDER PEMBERSIHAN BANGUNAN DI POLITEKNIK SULTAN SALAHUDDIN ABDUL AZIZ SHAH  (PSA) BAGI TEMPOH DUA (2) TAHUN		   		  ', 'PERKHIDMATAN BUKAN PERUNDING', 'KEMENTERIAN PENDIDIKAN MALAYSIA', 1, 'JABATAN PENDIDIKAN POLITEKNIK DAN KOLEJ KOMUNITI', '2018-11-21', '2018-10-25', NULL, NULL, NULL),
(132, 'PSA/PENT/(S)/400-10/3/9', ' 	 	TENDER PEMBERSIHAN KAWASAN DAN LANSKAP DI POLITEKNIK SULTAN SALAHUDDIN ABDUL AZIZ SHAH  (PSA) BAGI TEMPOH DUA (2) TAHUN		   		  ', 'PERKHIDMATAN BUKAN PERUNDING', 'KEMENTERIAN PENDIDIKAN MALAYSIA', 1, 'JABATAN PENDIDIKAN POLITEKNIK DAN KOLEJ KOMUNITI', '2018-11-21', '2018-10-24', NULL, NULL, NULL),
(133, 'KP/PEMB/TEN(D)/RL 69/2018', ' 	 	KONTRAK PERKHIDMATAN MEMOTONG RUMPUT DAN MENCUCI LONGKANG DI MARKAS GARISON TERENDAK  (SEKTOR A), KEM TERENDAK, MELAKA		   		  ', 'PERKHIDMATAN BUKAN PERUNDING', 'KEMENTERIAN PERTAHANAN', 1, 'KEMENTERIAN PERTAHANAN MALAYSIA', '2018-11-21', '2018-10-22', NULL, NULL, NULL),
(134, 'KP/PEMB/TEN(D)/RL 70/2018', ' 	 	KONTRAK PERKHIDMATAN MEMOTONG RUMPUT DAN MENCUCI LONGKANG DI MARKAS GARISON TERENDAK  (SEKTOR B), KEM TERENDAK, MELAKA		   		  ', 'PERKHIDMATAN BUKAN PERUNDING', 'KEMENTERIAN PERTAHANAN', 1, 'KEMENTERIAN PERTAHANAN MALAYSIA', '2018-11-21', '2018-10-22', NULL, NULL, NULL),
(135, 'KP/PEMB/TEN(D)/RL 71/2018', ' 	 	KONTRAK PERKHIDMATAN MEMOTONG RUMPUT DAN MENCUCI LONGKANG DI MARKAS GARISON TERENDAK  (SEKTOR D), KEM TERENDAK, MELAKA		   		  ', 'PERKHIDMATAN BUKAN PERUNDING', 'KEMENTERIAN PERTAHANAN', 1, 'KEMENTERIAN PERTAHANAN MALAYSIA', '2018-11-21', '2018-10-22', NULL, NULL, NULL),
(136, 'KPLB.T.29/2018', ' 	 	PROJEK BEKALAN AIR LUAR BANDAR (BALB) JALAN BARA-SAYAT KE KAMPUNG SOH, BAHAGIAN SRI AMAN, SARAWAK		   		  ', 'KERJA', 'KEMENTERIAN PEMBANGUNAN LUAR BANDAR', 1, 'KEMENTERIAN KEMAJUAN LUAR BANDAR DAN WILAYAH', '2018-11-22', '2018-10-22', NULL, NULL, NULL),
(137, 'KPLB.T.28/2018', ' 	 	PROJEK BEKALAN AIR LUAR BANDAR (BALB) KAWASAN BATU LINTANG ,BAHAGIAN SRI AMAN,SARAWAK		   		  ', 'KERJA', 'KEMENTERIAN PEMBANGUNAN LUAR BANDAR', 1, 'KEMENTERIAN KEMAJUAN LUAR BANDAR DAN WILAYAH', '2018-11-22', '2018-10-22', NULL, NULL, NULL),
(138, 'KPLB.T.28/2018', ' 	 	PROJEK BEKALAN AIR LUAR BANDAR (BALB) KAWASAN BATU LINTANG ,BAHAGIAN SRI AMAN,SARAWAK		   		  ', 'KERJA', 'KEMENTERIAN PEMBANGUNAN LUAR BANDAR', 1, 'KEMENTERIAN KEMAJUAN LUAR BANDAR DAN WILAYAH', '2018-11-22', '2018-10-22', NULL, NULL, NULL),
(139, 'KPLB.T.30/2018', ' 	 	PROJEK BEKALAN AIR LUAR BANDAR (BALB) SISTEM RETIKULASI TAHUN 2017 NEGERI TERENGGANU		   		  ', 'KERJA', 'KEMENTERIAN PEMBANGUNAN LUAR BANDAR', 1, 'KEMENTERIAN KEMAJUAN LUAR BANDAR DAN WILAYAH', '2018-11-26', '2018-10-22', NULL, NULL, NULL),
(140, 'PERS/KP(33)2733/33-2018', ' 	 	UNIVERSITI UTARA MALAYSIA (UUM) - PEMBINAAN PUSAT KEGIATAN KO-KURIKULUM. TAKLIMAT PROJEK DAN LAWATAN TAPAK ADALAH DIWAJIBKAN. BERKUMPUL DI BILIK SEMINAR C, BANGUNAN PUSAT KONVENSYEN, UNIVERSITI UTARA MALAYSIA, 06010 UUM SINTOK, KEDAH DARUL AMAN PADA 31.10.2018 (RABU) JAM 10.30 PAGI.		   		  ', 'KERJA', 'KEMENTERIAN KERJA RAYA', 1, 'JABATAN KERJA RAYA MALAYSIA (JKR)', '2018-12-13', '2018-10-22', NULL, NULL, NULL),
(141, 'PERS/KIPC(60)2760/60-2018', ' 	 	TENDER TERBUKA UNTUK PROJEK PEMBANGUNAN FASA II KOMPLEKS PENDARATAN IKAN LKIM LABUAN. TAKLIMAT PROJEK DAN LAWATAN TAPAK ADALAH DIWAJIBKAN DI BILIK MESYUARAT TINGKAT 2, UTC, LABUAN CENTRAL PADA 25 OKTOBER 2018 JAM 8.30 PAGI.		   		  ', 'KERJA', 'KEMENTERIAN KERJA RAYA', 1, 'JABATAN KERJA RAYA MALAYSIA (JKR)', '2018-12-03', '2018-10-18', NULL, NULL, NULL),
(142, 'PERS/KK(62)2762/62-2018', ' 	 	BALAI BOMBA DAN PENYELAMAT KAMPUNG GAJAH, PERAK TENGAH, PERAK		   		  ', 'KERJA', 'KEMENTERIAN KERJA RAYA', 1, 'JABATAN KERJA RAYA MALAYSIA (JKR)', '2018-11-21', '2018-10-16', NULL, NULL, NULL);
INSERT INTO `scrapped_tender` (`id`, `reference`, `title`, `category`, `originatingSource`, `tenderSource`, `agency`, `closingDate`, `startDate`, `docInfoJson`, `originatorJson`, `fileLinks`) VALUES
(143, 'MOA/BPSP/23/2018(T)', ' 	 	CONSTRUCTION OF SECONDARY CANAL (JAWI-JAWI AND TEMPASUK NORTH) AND OTHERS ASSOCIATED WORKS- PACKAGE 1C(1), IADA KOTA BELUD, SABAH. (T1/G7/CE06, CE21 & CE36). WAJIB HADIR LAWATAN TAPAK PADA 23 OKTOBER 2018 (SELASA) DI KAWASAN PEMBANGUNAN PERTANIAN BERSEPADU (IADA) KOTA BELUD, KOMPLEKS ALLAPBANA, BLOK F, LOT BAWAH 35-0, 36-0, 37-0, 89150 KOTA BELUD, SABAH PADA PUKUL 9.00 PAGI. UNTUK MAKLUMAT LANJUT SILA LAYARI HTTP://WWW.MOA.GOV.MY/HOME.		   		  ', 'KERJA', 'KEMENTERIAN PERTANIAN DAN INDUSTRI ASAS TANI', 1, 'KEMENTERIAN PERTANIAN DAN INDUSTRI ASAS TANI', '2018-12-04', '2018-10-15', NULL, NULL, NULL),
(144, 'KP(BP-T) TEN.56/2018', ' 	 	PROJEK MENAIKTARAF SEKOLAH MENENGAH VOKASIONAL BETONG KEPADA KOLEJ VOKASIONAL BETONG, SARAWAK (TARIKH, TEMPAT DAN MASA TAKLIMAT TAPAK: 25 OKTOBER 2018 (KHAMIS) PENDAFTARAN JAM 8.00 PAGI TAKLIMAT JAM 9.00 PAGI ) (TARIKH JUAL TENDER 05 - 09 NOVEMBER 2018 DI KAUNTER JUALAN TENDER, JABATAN PENDIDIKAN NEGERI SARAWAK, UNIT PEMBANGUNAN, JALAN DIPLOMATIK OFF, JALAN BAKO, PETRA JAYA 93050 KUCHING, SARAWAK)		   		  ', 'KERJA', 'KEMENTERIAN PENDIDIKAN MALAYSIA', 1, 'BAHAGIAN PEMBANGUNAN', '2018-11-26', '2018-10-15', NULL, NULL, NULL),
(145, 'KP(BP-T) TEN.55/2018', ' 	 	PROJEK MENAIKTARAF SEKOLAH MENENGAH VOKASIONAL MATANG KEPADA KOLEJ VOKASIONAL MATANG, SARAWAK (TARIKH, TEMPAT DAN MASA TAKLIMAT TAPAK: 24 OKTOBER 2018 (RABU) PENDAFTARAN JAM 9.00 PAGI TAKLIMAT JAM 10.00 PAGI ) (TARIKH JUAL TENDER 05 - 09 NOVEMBER 2018 DI KAUNTER JUALAN TENDER, JABATAN PENDIDIKAN NEGERI SARAWAK, UNIT PEMBANGUNAN, JALAN DIPLOMATIK OFF, JALAN BAKO, PETRA JAYA 93050 KUCHING, SARAWAK)		   		  ', 'KERJA', 'KEMENTERIAN PENDIDIKAN MALAYSIA', 1, 'BAHAGIAN PEMBANGUNAN', '2018-11-26', '2018-10-15', NULL, NULL, NULL),
(146, 'KP(BP-T) TEN.67/2018', ' 	 	PROJEK MENAIKTARAF SEKOLAH MENENGAH VOKASIONAL NIBONG TEBAL KEPADA KOLEJ VOKASIONAL NIBONG TEBAL , PULAU PINANG (TARIKH, TEMPAT DAN MASA TAKLIMAT TAPAK: 22 OKTOBER 2018 (ISNIN) PENDAFTARAN JAM 9.00 PAGI TAKLIMAT JAM 10.00 PAGI ) (TARIKH JUAL TENDER 08 - 14 NOVEMBER 2018 DI KAUNTER JUALAN TENDER, BAHAGIAN PEMBANGUNAN PELAJARAN, KPM, ARAS 1, BLOK E2, KOMPLEKS E, 62604 PUTRAJAYA)		   		  ', 'KERJA', 'KEMENTERIAN PENDIDIKAN MALAYSIA', 1, 'BAHAGIAN PEMBANGUNAN', '2018-11-29', '2018-10-15', NULL, NULL, NULL),
(147, 'KDN/PL 33/2018-PA', ' 	 	PEMBEKALAN BAJU DAN SELUAR HUJAN UNTUK POLIS DIRAJA MALAYSIA		   		  ', 'BEKALAN', 'KEMENTERIAN DALAM NEGERI', 1, 'KEMENTERIAN DALAM NEGERI', '2018-12-10', '2018-10-11', NULL, NULL, NULL),
(148, 'PERS/BAM(52)2752/52-2018', ' 	 	PEMBINAAN BANGUNAN RADAR, PEJABAT DAN 2 UNIT KUARTERS (KOMPONEN 3) DI MARANG, TERENGGANU (TENDER SEMULA)		   		  ', 'KERJA', 'KEMENTERIAN KERJA RAYA', 1, 'JABATAN KERJA RAYA MALAYSIA (JKR)', '2018-11-22', '2018-10-08', NULL, NULL, NULL),
(149, 'NO. JADUAL T/P&P: 94/2018', ' 	 	KERJA-KERJA PENGGANTIAN SATU (1) UNIT LIF DAN KERJA-KERJA LAIN BERKAITAN DI HOSPITAL MIRI, SARAWAK		   		  ', 'KERJA', 'KEMENTERIAN KESIHATAN', 1, 'KEMENTERIAN KESIHATAN MALAYSIA', '2018-11-21', '2018-10-05', NULL, NULL, NULL),
(150, 'NO. JADUAL T/P&P: 95/2018', ' 	 	NAIKTARAF SISTEM LIF TERMASUK KERJA-KERJA LAIN BERKAITAN DI HOSPITAL SIBU, SARAWAK		   		  ', 'KERJA', 'KEMENTERIAN KESIHATAN', 1, 'KEMENTERIAN KESIHATAN MALAYSIA', '2018-11-21', '2018-10-05', NULL, NULL, NULL),
(151, 'PERS/R-KK(4)1252/61-2018', ' 	 	PEMASANGAN ELEKTRIK UNTUK MENYIAPKAN BAKI KERJA CURE & CARE REHABILITATION CENTRE (CCRC) DAN KLINIK CURE & CARE (C&C) 1MALAYSIA DI KUCHING SARAWAK		   		  ', 'KERJA', 'KEMENTERIAN KERJA RAYA', 1, 'JABATAN KERJA RAYA MALAYSIA (JKR)', '2018-11-29', '2018-09-27', NULL, NULL, NULL),
(152, 'MOA/BPSP/14/2018(T)', ' 	 	KERJA-KERJA MENAIKTARAF TEBING SUNGAI KENAK DI DALAM SKIM PENGAIRAN BESUT, IADA KETARA, BESUT, TERENGGANU. (T1/G6/CE21 & CE36). WAJIB HADIR LAWATAN TAPAK PADA 8 OKTOBER 2018 (ISNIN) DI BILIK MESYUARAT BAHAGIAN KEJURUTERAAN PERTANIAN, PEJABAT KAWASAN PEMBANGUNAN PERTANIAN BERSEPADU TERENGGANU UTARA (IADA KETARA), GERAI, 22000 JERTEH, TERENGGANU PADA PUKUL 9.30 PAGI. UNTUK MAKLUMAT LANJUT SILA LAYARI HTTP://WWW.MOA.GOV.MY/HOME.		   		  ', 'KERJA', 'KEMENTERIAN PERTANIAN DAN INDUSTRI ASAS TANI', 1, 'KEMENTERIAN PERTANIAN DAN INDUSTRI ASAS TANI', '2018-11-27', '2018-09-21', NULL, NULL, NULL),
(153, 'MOA/BPSP/09/2018(T)', ' 	 	MENAIKTARAF TALIAIR SEKUNDER G-H-I-J-K-L SERTA KERJA BERKAITAN DI SKIM PENGAIRAN BESUT, IADA KETARA, BESUT, TERENGGANU. (T1/G4/CE21 & CE36). WAJIB HADIR LAWATAN TAPAK PADA 8 OKTOBER 2018 (ISNIN) DI BILIK MESYUARAT BAHAGIAN KEJURUTERAAN PERTANIAN, PEJABAT KAWASAN PEMBANGUNAN PERTANIAN BERSEPADU TERENGGANU UTARA (IADA KETARA), GERAI, 22000 JERTEH, TERENGGANU PADA PUKUL 2.30 PETANG. UNTUK MAKLUMAT LANJUT SILA LAYARI HTTP://WWW.MOA.GOV.MY/HOME.		   		  ', 'KERJA', 'KEMENTERIAN PERTANIAN DAN INDUSTRI ASAS TANI', 1, 'KEMENTERIAN PERTANIAN DAN INDUSTRI ASAS TANI', '2018-11-29', '2018-09-21', NULL, NULL, NULL),
(154, 'MOA/BPSP/05/2018(T)', ' 	 	PROJEK MENAIKTARAF SISTEM PENGAIRAN DAN SALIRAN DI SKIM PENGAIRAN BUKIT JERUK FASA II SERTA KERJA BERKAITAN DI BESUT, TERENGGANU. (T1/G5/CE21 & CE36). WAJIB HADIR LAWATAN TAPAK PADA 9 OKTOBER 2018 (SELASA) DI BILIK MESYUARAT BAHAGIAN KEJURUTERAAN PERTANIAN, PEJABAT KAWASAN PEMBANGUNAN PERTANIAN BERSEPADU TERENGGANU UTARA (IADA KETARA), GERAI, 22000 JERTEH, TERENGGANU PADA PUKUL 9.30 PAGI. UNTUK MAKLUMAT LANJUT SILA LAYARI HTTP://WWW.MOA.GOV.MY/HOME.		   		  ', 'KERJA', 'KEMENTERIAN PERTANIAN DAN INDUSTRI ASAS TANI', 1, 'KEMENTERIAN PERTANIAN DAN INDUSTRI ASAS TANI', '2018-11-28', '2018-09-21', NULL, NULL, NULL),
(155, NULL, 'AMENDMENT: REQUEST FOR INFORMATION (RFI) ON  SMART HOME SYSTEM AND SERVICES FOR TM ONE ', NULL, 'Telekom', 2, NULL, NULL, '2018-11-19', NULL, NULL, '{\"Eng\":\"https:\\/\\/www.tm.com.my\\/DoingBusinessWithTM\\/Documents\\/Tender Notices\\/RFI Notice Amendment SMART HOME_BI_19112018.pdf\"}'),
(156, NULL, 'AMENDMENT: REQUEST FOR INFORMATION (RFI) FOR COSTING MODEL CONSULTANCY', NULL, 'Telekom', 2, NULL, NULL, '2018-11-12', NULL, NULL, '{\"Eng\":\"https:\\/\\/www.tm.com.my\\/DoingBusinessWithTM\\/Documents\\/Tender Notices\\/RFI Amendment Notice Costing Model Consultancy_BI_12112018.pdf\"}'),
(157, NULL, 'REQUEST FOR INFORMATION (RFI) ON  SMART HOME SYSTEM AND SERVICES FOR TM ONE ', NULL, 'Telekom', 2, NULL, NULL, '2018-11-12', NULL, NULL, '{\"Eng\":\"https:\\/\\/www.tm.com.my\\/DoingBusinessWithTM\\/Documents\\/Tender Notices\\/Advertisement RFI SMARTHOME_BI_12112018.pdf\"}'),
(158, NULL, 'TENDER FOR THE IMPLEMENTATION AND RELOCATION OF TM INFRASTRUCTURE AT PAN BORNEO HIGHWAY SARAWAK (PBHS)', NULL, 'Telekom', 2, NULL, NULL, '2018-11-09', NULL, NULL, '{\"Eng\":\"https:\\/\\/www.tm.com.my\\/DoingBusinessWithTM\\/Documents\\/Tender Notices\\/Tender Advertisement Pan Borneo_BI_09112018.pdf\",\"BM\":\"https:\\/\\/www.tm.com.my\\/DoingBusinessWithTM\\/Documents\\/Tender Notices\\/Iklan Tender Pan Borneo_BM_09112018.pdf\"}'),
(159, NULL, 'TENDER FOR  RAKAN RANGKAIAN (RR) IN SARAWAK AND SOUTHERN REGION FOR TELEKOM MALAYSIA BERHAD (TM) ', NULL, 'Telekom', 2, NULL, NULL, '2018-11-09', NULL, NULL, '{\"Eng\":\"https:\\/\\/www.tm.com.my\\/DoingBusinessWithTM\\/Documents\\/Tender Notices\\/Tender Advertisement Rakan Rangkaian Sarawak-Southern_BI_09112018.pdf\",\"BM\":\"https:\\/\\/www.tm.com.my\\/DoingBusinessWithTM\\/Documents\\/Tender Notices\\/Iklan Tender Rakan Rangkaian Sarawak-Southern_BM_09112018.pdf\"}'),
(160, NULL, 'REQUEST FOR INFORMATION (RFI) FOR COSTING MODEL CONSULTANCY', NULL, 'Telekom', 2, NULL, NULL, '2018-10-26', NULL, NULL, '{\"Eng\":\"https:\\/\\/www.tm.com.my\\/DoingBusinessWithTM\\/Documents\\/Tender Notices\\/RFI Notice Costing Model Consultancy_BI_26102018.pdf\"}'),
(161, NULL, 'REQUEST FOR INFORMATION (RFI) FOR BATCH JOB SCHEDULING AND MONITORING (BJSAM)', NULL, 'Telekom', 2, NULL, NULL, '2018-10-15', NULL, NULL, '{\"Eng\":\"https:\\/\\/www.tm.com.my\\/DoingBusinessWithTM\\/Documents\\/Tender Notices\\/RFI Notice BJMAS_BI_15102018.pdf\"}'),
(162, NULL, 'REQUEST FOR INFORMATION (RFI) FOR NEW BUSINESS MODEL OF DIESEL AC GENERATOR SET POWER SOLUTION AND MANAGEMENT FOR TELEKOM MALAYSIA BERHAD', NULL, 'Telekom', 2, NULL, NULL, '2018-10-02', NULL, NULL, '{\"Eng\":\"https:\\/\\/www.tm.com.my\\/DoingBusinessWithTM\\/Documents\\/Tender Notices\\/RFI Advertisement Genset 2018_BI_02102018.pdf\"}'),
(163, 'Opening Hours for Sale of Tender Document', 'Please be informed that tender documents are obtainable from 1st Floor Sarawak Energy Berhad, Wisma SEB, No.1, The Isthmus, 93050 Kuching, Sarawak at the following hours: MON-THU 8am-12nn, FRI 8am-1030am', NULL, 'Sarawak Energy Head Office', 0, NULL, '2020-12-31', '0000-00-00', '{\"bidCloseDate\":\"N\\/A\",\"feeBeforeGST\":\"RM 0.00\",\"feeGST\":\"RM 0.00\",\"feeAfterGST\":\"RM 0.00\"}', '{\"name\":\"Francesca Lim\",\"officePhone\":\"082-441188\",\"extension\":\"1126\",\"mobilePhone\":null,\"email\":null,\"fax\":null}', '{\"PMS106-14-Instruction.pdf\":\"http:\\/\\/www2.sesco.com.my\\/noticeDoc\\/PMS106-14-Instruction.pdf\"}'),
(164, '11-04-2018', 'CONTRACTOR BRIEFING \"Creating Opportunities in Sarawak Energy\" - Day 1', NULL, 'Sarawak Energy Head Office', 0, NULL, '2020-04-27', '0000-00-00', '{\"bidCloseDate\":\"N\\/A\",\"feeBeforeGST\":\"RM 0.00\",\"feeGST\":\"RM 0.00\",\"feeAfterGST\":\"RM 0.00\"}', '{\"name\":\"Tracy Bungan Kuleh\",\"officePhone\":\"082-388388\",\"extension\":\"8044\",\"mobilePhone\":null,\"email\":null,\"fax\":null}', '{\"Folder 1.zip\":\"http:\\/\\/www2.sesco.com.my\\/noticeDoc\\/Folder 1.zip\",\"Folder 2.zip\":\"http:\\/\\/www2.sesco.com.my\\/noticeDoc\\/Folder 2.zip\",\"Folder 3.zip\":\"http:\\/\\/www2.sesco.com.my\\/noticeDoc\\/Folder 3.zip\",\"Folder 4.zip\":\"http:\\/\\/www2.sesco.com.my\\/noticeDoc\\/Folder 4.zip\"}'),
(165, '12-04-2018', 'CONTRACTOR BRIEFING \"Creating Opportunities in Sarawak Energy\" - Day 2', NULL, 'Sarawak Energy Head Office', 0, NULL, '2020-04-27', '0000-00-00', '{\"bidCloseDate\":\"N\\/A\",\"feeBeforeGST\":\"RM 0.00\",\"feeGST\":\"RM 0.00\",\"feeAfterGST\":\"RM 0.00\"}', '{\"name\":\"Tracy Bungan Kuleh\",\"officePhone\":\"082-388388\",\"extension\":\"8044\",\"mobilePhone\":null,\"email\":null,\"fax\":null}', '{\"Folder 5.zip\":\"http:\\/\\/www2.sesco.com.my\\/noticeDoc\\/Folder 5.zip\",\"Folder 6.zip\":\"http:\\/\\/www2.sesco.com.my\\/noticeDoc\\/Folder 6.zip\"}'),
(166, 'BAPG64/2018/MAA', 'TENDER SUPPLY OF ENGINEERING SERVICES FOR GOVERNOR MODEL VALIDATION AT BATANG AI POWER STATION', NULL, 'Sarawak Energy Batang Ai Power Station', 0, NULL, '2020-12-19', '0000-00-00', '{\"bidCloseDate\":\"N\\/A\",\"feeBeforeGST\":\"RM 200.00\",\"feeGST\":\"RM 0.00\",\"feeAfterGST\":\"RM 200.00\"}', '{\"name\":\"Mohamad Ardzuan Bin Aman\",\"officePhone\":\"083584166\",\"extension\":\"0198881482\",\"mobilePhone\":\"0198593696\",\"email\":\"enggu.bungam@sarawakenergy.com\",\"fax\":null}', '{\"BAPG64-2018-MAA - Tender Notices.pdf\":\"http:\\/\\/www2.sesco.com.my\\/noticeDoc\\/BAPG64-2018-MAA - Tender Notices.pdf\",\"BAPG64-2018-MAA - Tender Summary.pdf\":\"http:\\/\\/www2.sesco.com.my\\/noticeDoc\\/BAPG64-2018-MAA - Tender Summary.pdf\"}'),
(167, 'MIR18B/2017', 'RETENDER FOR SERVICING AND MAINTENANCE OF AIR CONDITIONING SYSTEM IN MIRI, BEKENU, BATU NIAH AND MARUDI', NULL, 'Sarawak Energy Northern Region (Miri)', 0, NULL, '2020-12-19', '0000-00-00', '{\"bidCloseDate\":\"N\\/A\",\"feeBeforeGST\":\"RM 80.00\",\"feeGST\":\"RM 0.00\",\"feeAfterGST\":\"RM 80.00\"}', '{\"name\":\"Nuriya Binti Jumat Ali\",\"officePhone\":\"085-652020\",\"extension\":null,\"mobilePhone\":null,\"email\":null,\"fax\":null}', '{\"MIR18B-2017 - Tender Notice.pdf\":\"http:\\/\\/www2.sesco.com.my\\/noticeDoc\\/MIR18B-2017 - Tender Notice.pdf\",\"MIR18B-2017 - Tender Summary.pdf\":\"http:\\/\\/www2.sesco.com.my\\/noticeDoc\\/MIR18B-2017 - Tender Summary.pdf\"}'),
(168, 'PLS160199', 'Limbang Town 275/33/11kV Substation', NULL, 'Sarawak Energy Head Office', 0, NULL, '2020-12-19', '0000-00-00', '{\"bidCloseDate\":\"N\\/A\",\"feeBeforeGST\":\"RM 2,500.00\",\"feeGST\":\"RM 0.00\",\"feeAfterGST\":\"RM 2,500.00\"}', '{\"name\":\"Zakiah Binti Wan Abu Bakar\",\"officePhone\":\"082388388\",\"extension\":\"8484\",\"mobilePhone\":null,\"email\":null,\"fax\":null}', '{\"PLS-160199  - Tender Notice.pdf\":\"http:\\/\\/www2.sesco.com.my\\/noticeDoc\\/PLS-160199  - Tender Notice.pdf\",\"PLS160199 - Tender Particulars.pdf\":\"http:\\/\\/www2.sesco.com.my\\/noticeDoc\\/PLS160199 - Tender Particulars.pdf\",\"PLS160199 - Instructions to Tenderer.pdf\":\"http:\\/\\/www2.sesco.com.my\\/noticeDoc\\/PLS160199 - Instructions to Tenderer.pdf\"}'),
(169, 'BAPG62/2018/MAA', 'TENDER FOR SUPPLY, DESIGN, DELIVERY, INSTALLATION AND COMMISSIONING OF 275KV REVENUE METERS SCHEME AT BATANG AI POWER STATION, LUBOK ANTU', NULL, 'Sarawak Energy Batang Ai Power Station', 0, NULL, '2020-12-12', '0000-00-00', '{\"bidCloseDate\":\"N\\/A\",\"feeBeforeGST\":\"RM 200.00\",\"feeGST\":\"RM 0.00\",\"feeAfterGST\":\"RM 200.00\"}', '{\"name\":\"Mohamad Ardzuan Bin Aman\",\"officePhone\":\"082388388\",\"extension\":\"3278\",\"mobilePhone\":\"0198881482\",\"email\":\"ardzuan.aman@sarawakenergy.com.my\",\"fax\":null}', '{\"BAPG62-2018-MAA - Tender Notice.pdf\":\"http:\\/\\/www2.sesco.com.my\\/noticeDoc\\/BAPG62-2018-MAA - Tender Notice.pdf\",\"BAPG62-2018-MAA - Tender Summary.pdf\":\"http:\\/\\/www2.sesco.com.my\\/noticeDoc\\/BAPG62-2018-MAA - Tender Summary.pdf\"}'),
(170, 'BAPG7/2018/MAA', 'Tender for Supply, Design, Delivery, Installation and Commissioning of Electrical Static and Rotary Inverters System for Batang Ai Power Station', NULL, 'Sarawak Energy Batang Ai Power Station', 0, NULL, '2020-12-12', '0000-00-00', '{\"bidCloseDate\":\"N\\/A\",\"feeBeforeGST\":\"RM 200.00\",\"feeGST\":\"RM 0.00\",\"feeAfterGST\":\"RM 200.00\"}', '{\"name\":\"Mohamad Ardzuan Bin Aman\",\"officePhone\":\"082388388\",\"extension\":\"8278\",\"mobilePhone\":\"+60198881482\",\"email\":\"ardzuan.aman@sarawakenergy.com.my\",\"fax\":null}', '{\"BAPG7-2018-MAA - Tender Notice.pdf\":\"http:\\/\\/www2.sesco.com.my\\/noticeDoc\\/BAPG7-2018-MAA - Tender Notice.pdf\",\"BAPG 7-2018-MAA - Tender Particulars.pdf\":\"http:\\/\\/www2.sesco.com.my\\/noticeDoc\\/BAPG 7-2018-MAA - Tender Particulars.pdf\"}'),
(171, 'IM08/18', 'Tender Sale of Short Length Cables at Warehouse Nos. 1 & 2 , SESCO Central Store, Kuching.', NULL, 'Sarawak Energy Head Office', 0, NULL, '2020-12-12', '0000-00-00', '{\"bidCloseDate\":\"N\\/A\",\"feeBeforeGST\":\"RM 50.00\",\"feeGST\":\"RM 0.00\",\"feeAfterGST\":\"RM 50.00\"}', '{\"name\":\"Tan Yin Loke\",\"officePhone\":\"082309612\",\"extension\":\"2612\",\"mobilePhone\":null,\"email\":null,\"fax\":null}', '{\"IM08-18 - Tender Notice.pdf\":\"http:\\/\\/www2.sesco.com.my\\/noticeDoc\\/IM08-18 - Tender Notice.pdf\",\"IM08-18 - Tender Summary.pdf\":\"http:\\/\\/www2.sesco.com.my\\/noticeDoc\\/IM08-18 - Tender Summary.pdf\"}'),
(172, 'MIR19/2018', 'Tender for renovation of ground, first and second floor at Miri Regional Office', NULL, 'Sarawak Energy Northern Region (Miri)', 0, NULL, '2020-12-12', '0000-00-00', '{\"bidCloseDate\":\"N\\/A\",\"feeBeforeGST\":\"RM 80.00\",\"feeGST\":\"RM 0.00\",\"feeAfterGST\":\"RM 80.00\"}', '{\"name\":\"Nuriya Binti Jumat Ali\",\"officePhone\":\"085-652020\",\"extension\":\"5303\",\"mobilePhone\":null,\"email\":null,\"fax\":null}', '{\"MIR19-2018 - Tender Notice.pdf\":\"http:\\/\\/www2.sesco.com.my\\/noticeDoc\\/MIR19-2018 - Tender Notice.pdf\",\"MIR19-2018 - Tender Summary.pdf\":\"http:\\/\\/www2.sesco.com.my\\/noticeDoc\\/MIR19-2018 - Tender Summary.pdf\"}'),
(173, 'MIR20/2018', 'GENERAL CLEANING SERVICES FOR MIRI REGIONAL OFFICE, GUARDHOUSE, ELECTRICAL STORE, BEKENU OFFICE, BATU NIAH OFFICE AND PERMYJAYA OFFICE.', NULL, 'Sarawak Energy Northern Region (Miri)', 0, NULL, '2020-12-12', '0000-00-00', '{\"bidCloseDate\":\"N\\/A\",\"feeBeforeGST\":\"RM 80.00\",\"feeGST\":\"RM 0.00\",\"feeAfterGST\":\"RM 80.00\"}', '{\"name\":\"Nuriya Binti Jumat Ali\",\"officePhone\":\"085-652020\",\"extension\":\"5303\",\"mobilePhone\":null,\"email\":null,\"fax\":null}', '{\"MIR20-18 - Tender Notices.pdf\":\"http:\\/\\/www2.sesco.com.my\\/noticeDoc\\/MIR20-18 - Tender Notices.pdf\",\"MIR20-18 - Tender Summary.pdf\":\"http:\\/\\/www2.sesco.com.my\\/noticeDoc\\/MIR20-18 - Tender Summary.pdf\"}'),
(174, 'SRI(NW)19(a)/2018/MSM/la', 'RE-TENDER FOR THE SUPPLY AND DELIVERY OF FURNITURE?S FOR SRI AMAN OUTSTATION.', NULL, 'Sarawak Energy Sri Aman', 0, NULL, '2020-12-12', '0000-00-00', '{\"bidCloseDate\":\"N\\/A\",\"feeBeforeGST\":\"RM 120.00\",\"feeGST\":\"RM 0.00\",\"feeAfterGST\":\"RM 120.00\"}', '{\"name\":\"Lingga Alam\",\"officePhone\":\"083-322080\",\"extension\":\"3111\",\"mobilePhone\":null,\"email\":\"lingga.alam@sarawakenergy.com.my\",\"fax\":null}', '{\"SRI-NW-19-a-2018-MSM-la - Tender Notice.pdf\":\"http:\\/\\/www2.sesco.com.my\\/noticeDoc\\/SRI-NW-19-a-2018-MSM-la - Tender Notice.pdf\",\"SRI-NW-19-a-2018-MSM-la - Tender Particulars.pdf\":\"http:\\/\\/www2.sesco.com.my\\/noticeDoc\\/SRI-NW-19-a-2018-MSM-la - Tender Particulars.pdf\"}'),
(175, 'SRI(NW)08(a)/2018/JN/la', 'RE-TENDER FOR THE RENOVATION OF SARATOK OFFICE 1ST FLOOR.', NULL, 'Sarawak Energy Sri Aman', 0, NULL, '2020-12-12', '0000-00-00', '{\"bidCloseDate\":\"N\\/A\",\"feeBeforeGST\":\"RM 80.00\",\"feeGST\":\"RM 0.00\",\"feeAfterGST\":\"RM 80.00\"}', '{\"name\":\"Lingga Alam\",\"officePhone\":\"083-322080\",\"extension\":\"3111\",\"mobilePhone\":null,\"email\":\"lingga.alam@sarawakenergy.com\",\"fax\":null}', '{\"SRI-NW-08-a-2018-JN-la - Tender Notice.pdf\":\"http:\\/\\/www2.sesco.com.my\\/noticeDoc\\/SRI-NW-08-a-2018-JN-la - Tender Notice.pdf\",\"SRI-NW-08-a-2018-JN-la - Tender Summary.pdf\":\"http:\\/\\/www2.sesco.com.my\\/noticeDoc\\/SRI-NW-08-a-2018-JN-la - Tender Summary.pdf\"}'),
(176, 'PMS194/18', 'Tender for the annual contract of cleaning services at Wisma Sesco, Jalan Bako 93050 Kuching, Sarawak', NULL, 'Sarawak Energy Head Office', 0, NULL, '2020-12-12', '0000-00-00', '{\"bidCloseDate\":\"N\\/A\",\"feeBeforeGST\":\"RM 200.00\",\"feeGST\":\"RM 0.00\",\"feeAfterGST\":\"RM 200.00\"}', '{\"name\":\"Mancha Anak Rugis\",\"officePhone\":\"082-388388\",\"extension\":\"1122\",\"mobilePhone\":\"0109661885\",\"email\":null,\"fax\":null}', '{\"PMS194-18 - Tender Notice.pdf\":\"http:\\/\\/www2.sesco.com.my\\/noticeDoc\\/PMS194-18 - Tender Notice.pdf\",\"PMS194-18 - Tender Particulars.pdf\":\"http:\\/\\/www2.sesco.com.my\\/noticeDoc\\/PMS194-18 - Tender Particulars.pdf\"}'),
(177, 'PLS-170128-E', 'SUPPLY, ERECTION AND COMMISSIONING OF PUSA 33/11kV SUBSTATION, BETONG', NULL, 'Sarawak Energy Head Office', 0, NULL, '2020-12-12', '0000-00-00', '{\"bidCloseDate\":\"N\\/A\",\"feeBeforeGST\":\"RM 1,500.00\",\"feeGST\":\"RM 0.00\",\"feeAfterGST\":\"RM 1,500.00\"}', '{\"name\":\"Sarina Binti Missnan\",\"officePhone\":\"082388388\",\"extension\":\"8672\",\"mobilePhone\":null,\"email\":\"sarina@sarawakenergy.com.my\",\"fax\":null}', '{\"PLS-170128-E - Tender Notice.pdf\":\"http:\\/\\/www2.sesco.com.my\\/noticeDoc\\/PLS-170128-E - Tender Notice.pdf\",\"PLS-170128-E  - Tender Particulars.pdf\":\"http:\\/\\/www2.sesco.com.my\\/noticeDoc\\/PLS-170128-E  - Tender Particulars.pdf\"}'),
(178, 'MHPG/3/MNAR/2018', 'Supply and Delivery of ABB Protection Spare Parts for Murum HEP', NULL, 'Sarawak Energy Murum HEPS', 0, NULL, '2020-12-12', '0000-00-00', '{\"bidCloseDate\":\"N\\/A\",\"feeBeforeGST\":\"RM 80.00\",\"feeGST\":\"RM 0.00\",\"feeAfterGST\":\"RM 80.00\"}', '{\"name\":\"Emilia Bergin\",\"officePhone\":\"0138240301\",\"extension\":null,\"mobilePhone\":null,\"email\":\"emilia.bergin@sarawakenergy.com.my\",\"fax\":null}', '{\"MHPG-3-MNAR-2018 - Tender Notice.pdf\":\"http:\\/\\/www2.sesco.com.my\\/noticeDoc\\/MHPG-3-MNAR-2018 - Tender Notice.pdf\",\"MHPG-3-MNAR-2018 - Tender Summary.pdf\":\"http:\\/\\/www2.sesco.com.my\\/noticeDoc\\/MHPG-3-MNAR-2018 - Tender Summary.pdf\"}'),
(179, 'DPC83/18', 'Tender for the Supply & Delivery of Type \'K\' Expulsion Fuse Link', NULL, 'Sarawak Energy Head Office', 0, NULL, '2020-12-12', '0000-00-00', '{\"bidCloseDate\":\"10-12-2018 at 3:00 PM\",\"feeBeforeGST\":\"RM 50.00\",\"feeGST\":\"RM 0.00\",\"feeAfterGST\":\"RM 50.00\"}', '{\"name\":\"Dennis Chee Jun Sheng\",\"officePhone\":\"082-388388\",\"extension\":\"8219\",\"mobilePhone\":null,\"email\":null,\"fax\":null}', '{\"DPC83-18 - Tender Notice.pdf\":\"http:\\/\\/www2.sesco.com.my\\/noticeDoc\\/DPC83-18 - Tender Notice.pdf\",\"DPC83-18 - Tender Summary.pdf\":\"http:\\/\\/www2.sesco.com.my\\/noticeDoc\\/DPC83-18 - Tender Summary.pdf\"}'),
(180, 'GEM-2018-007', 'Construction and Completion of Majau and Anchau Bridge at Merit Pila, Kapit', NULL, 'Sarawak Energy Head Office', 0, NULL, '2020-12-05', '0000-00-00', '{\"bidCloseDate\":\"N\\/A\",\"feeBeforeGST\":\"RM 1,000.00\",\"feeGST\":\"RM 0.00\",\"feeAfterGST\":\"RM 1,000.00\"}', '{\"name\":\"Caroline Lee Shuey Hwan\",\"officePhone\":\"082388388\",\"extension\":\"8083\",\"mobilePhone\":null,\"email\":null,\"fax\":null}', '{\"GEM-2018-007 - Tender Notice.pdf\":\"http:\\/\\/www2.sesco.com.my\\/noticeDoc\\/GEM-2018-007 - Tender Notice.pdf\",\"GEM-2018-007 - Tender Summary.pdf\":\"http:\\/\\/www2.sesco.com.my\\/noticeDoc\\/GEM-2018-007 - Tender Summary.pdf\"}'),
(181, 'SRI(NW)23/2018/MSM/mnm', 'Tender For The Transportation of Two(2) Units 10/15MVA 33/11kV Transformers and Two (2) Units 5MVA 33/11kv Transformers', NULL, 'Sarawak Energy Sri Aman', 0, NULL, '2020-12-05', '0000-00-00', '{\"bidCloseDate\":\"N\\/A\",\"feeBeforeGST\":\"RM 50.00\",\"feeGST\":\"RM 0.00\",\"feeAfterGST\":\"RM 50.00\"}', '{\"name\":\"Murphy Nyambong Anak Michael\",\"officePhone\":\"083322080\",\"extension\":\"3110\",\"mobilePhone\":null,\"email\":\"murphynyambong@sarawakenergy.com.my\",\"fax\":null}', '{\"SRI-NW-23-2018-MSM-mnm - Tender Notice.pdf\":\"http:\\/\\/www2.sesco.com.my\\/noticeDoc\\/SRI-NW-23-2018-MSM-mnm - Tender Notice.pdf\",\"SRI-NW-23-2018-MSM-mnm - Tender Summary.pdf\":\"http:\\/\\/www2.sesco.com.my\\/noticeDoc\\/SRI-NW-23-2018-MSM-mnm - Tender Summary.pdf\"}'),
(182, 'SER-2018-008', 'Mining Engineering Services for \"A North\" Coal Mine Project', NULL, 'Sarawak Energy Head Office', 0, NULL, '2020-12-05', '0000-00-00', '{\"bidCloseDate\":\"N\\/A\",\"feeBeforeGST\":\"RM 120.00\",\"feeGST\":\"RM 0.00\",\"feeAfterGST\":\"RM 120.00\"}', '{\"name\":\"Caroline Lee Shuey Hwan\",\"officePhone\":\"082-388388\",\"extension\":\"8083\",\"mobilePhone\":null,\"email\":null,\"fax\":null}', '{\"SER-2018-008 - Tender Notice.pdf\":\"http:\\/\\/www2.sesco.com.my\\/noticeDoc\\/SER-2018-008 - Tender Notice.pdf\",\"SER-2018-008 - Tender Summary.pdf\":\"http:\\/\\/www2.sesco.com.my\\/noticeDoc\\/SER-2018-008 - Tender Summary.pdf\"}'),
(183, 'SAR26/18/YSE', 'Tender Sales of Scrap Materials (Cable, Conductor, Transformer, Switchgear and etc) at Syarikat SESCO Berhad, Sarikei Office (Central Region)', NULL, 'Sarawak Energy Sarikei', 0, NULL, '2020-12-05', '0000-00-00', '{\"bidCloseDate\":\"N\\/A\",\"feeBeforeGST\":\"RM 80.00\",\"feeGST\":\"RM 0.00\",\"feeAfterGST\":\"RM 80.00\"}', '{\"name\":\"Mary Tajol\",\"officePhone\":\"084-652020\",\"extension\":\"4617\",\"mobilePhone\":null,\"email\":null,\"fax\":null}', '{\"SAR26-18-YSE - Tender Notice.pdf\":\"http:\\/\\/www2.sesco.com.my\\/noticeDoc\\/SAR26-18-YSE - Tender Notice.pdf\",\"SAR26-18-YSE - Tender Summary.pdf\":\"http:\\/\\/www2.sesco.com.my\\/noticeDoc\\/SAR26-18-YSE - Tender Summary.pdf\"}'),
(184, 'MPG(M)5/100/ASM/AAG/561', 'TO SUPPLY, INSTALL AND COMMISSIONING 6 UNITS OF MAINTENANCE BOXES AT BOILER AREA UNIT 2, MUKAH POWER GENERATION SDN BHD', NULL, 'Sarawak Energy Mukah Power Generation', 0, NULL, '2020-12-05', '0000-00-00', '{\"bidCloseDate\":\"N\\/A\",\"feeBeforeGST\":\"RM 120.00\",\"feeGST\":\"RM 0.00\",\"feeAfterGST\":\"RM 120.00\"}', '{\"name\":\"Roziah Haji Alli\",\"officePhone\":\"0168892101\",\"extension\":null,\"mobilePhone\":null,\"email\":\"mpg@sarawakenergy.com.my\",\"fax\":null}', '{\"MPG-M-100-ASM-AAG-561 - Tender Notices.pdf\":\"http:\\/\\/www2.sesco.com.my\\/noticeDoc\\/MPG-M-100-ASM-AAG-561 - Tender Notices.pdf\",\"MPG-M-100-ASM-AAG-561 - Tender Summary.pdf\":\"http:\\/\\/www2.sesco.com.my\\/noticeDoc\\/MPG-M-100-ASM-AAG-561 - Tender Summary.pdf\"}'),
(185, 'MHPG/2/EB/2018', 'Supply and Delivery of Electrical Spare Parts for Murum HEP', NULL, 'Sarawak Energy Murum HEPS', 0, NULL, '2020-12-05', '0000-00-00', '{\"bidCloseDate\":\"N\\/A\",\"feeBeforeGST\":\"RM 80.00\",\"feeGST\":\"RM 0.00\",\"feeAfterGST\":\"RM 80.00\"}', '{\"name\":\"Emilia Bergin\",\"officePhone\":\"0138240301\",\"extension\":null,\"mobilePhone\":null,\"email\":\"emilia.bergin@sarawakenergy.com.my\",\"fax\":null}', '{\"MHPG-2-EB-2018 - Tender Notice.pdf\":\"http:\\/\\/www2.sesco.com.my\\/noticeDoc\\/MHPG-2-EB-2018 - Tender Notice.pdf\",\"MHPG-2-EB-2018 - Tender Summary.pdf\":\"http:\\/\\/www2.sesco.com.my\\/noticeDoc\\/MHPG-2-EB-2018 - Tender Summary.pdf\"}'),
(186, 'MHPG/3/MAAW/2018', 'Supply & Delivery of Mechanical Spare Parts for Murum HEP', NULL, 'Sarawak Energy Murum HEPS', 0, NULL, '2020-12-05', '0000-00-00', '{\"bidCloseDate\":\"N\\/A\",\"feeBeforeGST\":\"RM 80.00\",\"feeGST\":\"RM 0.00\",\"feeAfterGST\":\"RM 80.00\"}', '{\"name\":\"Nurfaizal Bin Wahi\",\"officePhone\":\"017-2260648\",\"extension\":null,\"mobilePhone\":null,\"email\":null,\"fax\":null}', '{\"MHPG-3-MAAW-2018 - Tender Notices.pdf\":\"http:\\/\\/www2.sesco.com.my\\/noticeDoc\\/MHPG-3-MAAW-2018 - Tender Notices.pdf\",\"MHPG-3-MAAW-2018 - Tender Particulars.pdf\":\"http:\\/\\/www2.sesco.com.my\\/noticeDoc\\/MHPG-3-MAAW-2018 - Tender Particulars.pdf\"}'),
(187, 'GPI143/18', 'SUPPLY OF DAIHATSU 12DK-32B ENGINE SPARE PARTS  LIMBANG POWER STATION', NULL, 'Sarawak Energy Head Office', 0, NULL, '2020-12-05', '0000-00-00', '{\"bidCloseDate\":\"N\\/A\",\"feeBeforeGST\":\"RM 350.00\",\"feeGST\":\"RM 0.00\",\"feeAfterGST\":\"RM 350.00\"}', '{\"name\":\"Kho Guan Huat\",\"officePhone\":\"082-388388\",\"extension\":\"8216\",\"mobilePhone\":null,\"email\":null,\"fax\":null}', '{\"GPI143-18 - Tender Notice.pdf\":\"http:\\/\\/www2.sesco.com.my\\/noticeDoc\\/GPI143-18 - Tender Notice.pdf\",\"GPI143-18 - Tender Summary.pdf\":\"http:\\/\\/www2.sesco.com.my\\/noticeDoc\\/GPI143-18 - Tender Summary.pdf\"}'),
(188, 'BPS025/18', 'SUPPLY AND REPLACEMENT OF GT 7 TRANSFORMER PROTECTION RELAY TO TANJUNG KIDURONG POWER STATION BINTULU.', NULL, 'Sarawak Energy Bintulu', 0, NULL, '2020-11-28', '0000-00-00', '{\"bidCloseDate\":\"N\\/A\",\"feeBeforeGST\":\"RM 120.00\",\"feeGST\":\"RM 0.00\",\"feeAfterGST\":\"RM 120.00\"}', '{\"name\":\"Cecilia Mutek\",\"officePhone\":\"086-256616\",\"extension\":null,\"mobilePhone\":\"019-8561616\",\"email\":\"wongparkchung@sarawakenergy.com\",\"fax\":null}', '{\"BPS025-18 - Tender Notice.pdf\":\"http:\\/\\/www2.sesco.com.my\\/noticeDoc\\/BPS025-18 - Tender Notice.pdf\",\"BPS025-18 - Tender Summary.pdf\":\"http:\\/\\/www2.sesco.com.my\\/noticeDoc\\/BPS025-18 - Tender Summary.pdf\"}'),
(189, 'SRI(NW)25/2018/MSM/npm', 'TENDER SALES OF SCRAP MATERIALS AT SYARIKAT SESCO BERHAD, SRI AMAN STORE', NULL, 'Sarawak Energy Sri Aman', 0, NULL, '2020-11-28', '0000-00-00', '{\"bidCloseDate\":\"N\\/A\",\"feeBeforeGST\":\"RM 50.00\",\"feeGST\":\"RM 0.00\",\"feeAfterGST\":\"RM 50.00\"}', '{\"name\":\"Ngu Piew Ming\",\"officePhone\":\"083320429\",\"extension\":null,\"mobilePhone\":\"0198588345\",\"email\":\"pmngu@sarawakenergy.com.my\",\"fax\":null}', '{\"SRI(NW)25-2018-MSM-npm - Tender Notice.pdf\":\"http:\\/\\/www2.sesco.com.my\\/noticeDoc\\/SRI(NW)25-2018-MSM-npm - Tender Notice.pdf\",\"SRI(NW)25-2018-MSM-npm - Tender Summary.pdf\":\"http:\\/\\/www2.sesco.com.my\\/noticeDoc\\/SRI(NW)25-2018-MSM-npm - Tender Summary.pdf\"}'),
(190, 'SPC/036/18', 'Supply and Delivery of Industrial Safety Footwear', NULL, 'Sarawak Energy Sejingkat Power Corporation', 0, NULL, '2020-11-28', '0000-00-00', '{\"bidCloseDate\":\"N\\/A\",\"feeBeforeGST\":\"RM 80.00\",\"feeGST\":\"RM 0.00\",\"feeAfterGST\":\"RM 80.00\"}', '', '{\"SPC-036-2018 - Tender Notice.pdf\":\"http:\\/\\/www2.sesco.com.my\\/noticeDoc\\/SPC-036-2018 - Tender Notice.pdf\",\"SPC-036-2018 - Tender Summary.pdf\":\"http:\\/\\/www2.sesco.com.my\\/noticeDoc\\/SPC-036-2018 - Tender Summary.pdf\"}'),
(191, 'SPC/031/18', 'TENDER FOR THE PROVISION OF YEARLY CONTRACT FOR BOILER SKILLED MANPOWER SUPPLY', NULL, 'Sarawak Energy Sejingkat Power Corporation', 0, NULL, '2020-11-28', '0000-00-00', '{\"bidCloseDate\":\"N\\/A\",\"feeBeforeGST\":\"RM 50.00\",\"feeGST\":\"RM 0.00\",\"feeAfterGST\":\"RM 50.00\"}', '{\"name\":\"Chong Min Fatt\",\"officePhone\":\"082-439680\",\"extension\":\"2022\",\"mobilePhone\":\"019-8271427\",\"email\":\"chongminfatt@sarawakenergy.com\",\"fax\":null}', '{\"SPC-031-18 - Tender Notices.pdf\":\"http:\\/\\/www2.sesco.com.my\\/noticeDoc\\/SPC-031-18 - Tender Notices.pdf\",\"SPC-031-18 - Tender Particulars.pdf\":\"http:\\/\\/www2.sesco.com.my\\/noticeDoc\\/SPC-031-18 - Tender Particulars.pdf\"}'),
(192, 'PLS160085', 'Serudit to Sri Aman 132kV Transmission Line Project', NULL, 'Sarawak Energy Head Office', 0, NULL, '2020-11-28', '0000-00-00', '{\"bidCloseDate\":\"N\\/A\",\"feeBeforeGST\":\"RM 2,500.00\",\"feeGST\":\"RM 0.00\",\"feeAfterGST\":\"RM 2,500.00\"}', '{\"name\":\"Zakiah Binti Wan Abu Bakar\",\"officePhone\":\"082388388\",\"extension\":\"8484\",\"mobilePhone\":null,\"email\":null,\"fax\":null}', '{\"PLS160085 - Tender Notice.pdf\":\"http:\\/\\/www2.sesco.com.my\\/noticeDoc\\/PLS160085 - Tender Notice.pdf\",\"PLS160085 - Tender Particulars.pdf\":\"http:\\/\\/www2.sesco.com.my\\/noticeDoc\\/PLS160085 - Tender Particulars.pdf\",\"PLS160085 - Instructions to Tenderer.pdf\":\"http:\\/\\/www2.sesco.com.my\\/noticeDoc\\/PLS160085 - Instructions to Tenderer.pdf\"}'),
(193, 'PLS-180179', 'KANOWIT 132/33/11kV SUBSTATION', NULL, 'Sarawak Energy Head Office', 0, NULL, '2020-11-28', '0000-00-00', '{\"bidCloseDate\":\"N\\/A\",\"feeBeforeGST\":\"RM 2,500.00\",\"feeGST\":\"RM 0.00\",\"feeAfterGST\":\"RM 2,500.00\"}', '{\"name\":\"Ko See Sheng\",\"officePhone\":\"082388388\",\"extension\":\"8484\",\"mobilePhone\":\"016-8933805\",\"email\":\"koseesheng@sarawakenergy.com.my\",\"fax\":null}', '{\"PLS-180179 - Tender Notice.pdf\":\"http:\\/\\/www2.sesco.com.my\\/noticeDoc\\/PLS-180179 - Tender Notice.pdf\",\"PLS-180179 Tender Particulars.pdf\":\"http:\\/\\/www2.sesco.com.my\\/noticeDoc\\/PLS-180179 Tender Particulars.pdf\",\"PLS-180179 - Instructions To Tenderer.pdf\":\"http:\\/\\/www2.sesco.com.my\\/noticeDoc\\/PLS-180179 - Instructions To Tenderer.pdf\"}'),
(194, 'PLS-180178', 'TATAU 275/(132)/33/11kV SUBSTATION', NULL, 'Sarawak Energy Head Office', 0, NULL, '2020-11-28', '0000-00-00', '{\"bidCloseDate\":\"N\\/A\",\"feeBeforeGST\":\"RM 2,500.00\",\"feeGST\":\"RM 0.00\",\"feeAfterGST\":\"RM 2,500.00\"}', '{\"name\":\"Ko See Sheng\",\"officePhone\":\"082-388388\",\"extension\":\"8484\",\"mobilePhone\":\"016-8933805\",\"email\":\"koseesheng@sarawakenergy.com.my\",\"fax\":null}', '{\"PLS-180178 - Tender Notice.pdf\":\"http:\\/\\/www2.sesco.com.my\\/noticeDoc\\/PLS-180178 - Tender Notice.pdf\",\"PLS-180178 - Tender Particulars.pdf\":\"http:\\/\\/www2.sesco.com.my\\/noticeDoc\\/PLS-180178 - Tender Particulars.pdf\",\"PLS-180178 - Instructions To Tenderer.pdf\":\"http:\\/\\/www2.sesco.com.my\\/noticeDoc\\/PLS-180178 - Instructions To Tenderer.pdf\"}'),
(195, 'GPI88/18', 'Three Years Contract for the Supply of Spare Parts, Component Repairs and Technical Advisor Services for GE Frame 6B and Frame 9E Gas Turbines', NULL, 'Sarawak Energy Head Office', 0, NULL, '2020-11-28', '0000-00-00', '{\"bidCloseDate\":\"N\\/A\",\"feeBeforeGST\":\"RM 1,000.00\",\"feeGST\":\"RM 0.00\",\"feeAfterGST\":\"RM 1,000.00\"}', '{\"name\":\"Ivan Stephen Jimos\",\"officePhone\":\"082-388388\",\"extension\":\"8795\",\"mobilePhone\":null,\"email\":null,\"fax\":null}', '{\"GPI88-18 - Tender Notice.pdf\":\"http:\\/\\/www2.sesco.com.my\\/noticeDoc\\/GPI88-18 - Tender Notice.pdf\",\"GPI88-18 - Tender Summary.pdf\":\"http:\\/\\/www2.sesco.com.my\\/noticeDoc\\/GPI88-18 - Tender Summary.pdf\"}'),
(196, 'HDD201811/BAKUN-ECT(SI)/ANFR2', 'RE-TENDER FOR GEOTECHNICAL INVESTIGATION WORKS FOR THE PROPOSED BAKUN HEP CAPACITY EXTENSION PROJECT', NULL, 'Sarawak Energy Head Office', 0, NULL, '2020-11-28', '0000-00-00', '{\"bidCloseDate\":\"N\\/A\",\"feeBeforeGST\":\"RM 200.00\",\"feeGST\":\"RM 0.00\",\"feeAfterGST\":\"RM 200.00\"}', '{\"name\":\"Farrah Tracy Anak Kaben\",\"officePhone\":\"082-388388\",\"extension\":\"8271\",\"mobilePhone\":null,\"email\":null,\"fax\":null}', '{\"HDD201811-BAKUN-ECT(SI)ANFR2 - Tender Notices.pdf\":\"http:\\/\\/www2.sesco.com.my\\/noticeDoc\\/HDD201811-BAKUN-ECT(SI)ANFR2 - Tender Notices.pdf\",\"HDD201811-BAKUN-ECT(SI)ANFR2 - Tender Particulars.pdf\":\"http:\\/\\/www2.sesco.com.my\\/noticeDoc\\/HDD201811-BAKUN-ECT(SI)ANFR2 - Tender Particulars.pdf\"}'),
(197, 'BPS026/18', 'REPLACEMENT OF SHIELD FOR HIGH AND LOW PRESSURE STEAM PIPE OF UNIT 9 AT TANJUNG KIDURONG POWER STATION BINTULU.', NULL, 'Sarawak Energy Bintulu', 0, NULL, '2020-11-28', '0000-00-00', '{\"bidCloseDate\":\"N\\/A\",\"feeBeforeGST\":\"RM 500.00\",\"feeGST\":\"RM 0.00\",\"feeAfterGST\":\"RM 500.00\"}', '{\"name\":\"Cecilia Mutek\",\"officePhone\":\"086-256616\",\"extension\":null,\"mobilePhone\":\"019-8561616\",\"email\":\"WONGPARKCHUNG@SARAWAKENERGY.COM.MY\",\"fax\":null}', '{\"BPS026-18 -  Tender Notice.pdf\":\"http:\\/\\/www2.sesco.com.my\\/noticeDoc\\/BPS026-18 -  Tender Notice.pdf\",\"BPS026-18 -  Tender Summary.pdf\":\"http:\\/\\/www2.sesco.com.my\\/noticeDoc\\/BPS026-18 -  Tender Summary.pdf\"}'),
(198, 'BTU08/2018/AJG', 'TENDER FOR 11kV SWITCHGEAR EXTENSION AT TATAU SUBSTATION IN BINTULU REGION', NULL, 'Sarawak Energy Bintulu', 0, NULL, '2020-11-21', '0000-00-00', '{\"bidCloseDate\":\"N\\/A\",\"feeBeforeGST\":\"RM 100.00\",\"feeGST\":\"RM 0.00\",\"feeAfterGST\":\"RM 100.00\"}', '{\"name\":\"Yong Siaw Fuang\",\"officePhone\":\"086-331151\",\"extension\":\"6252\",\"mobilePhone\":null,\"email\":null,\"fax\":null}', '{\"BTU08-2018-AJG - Tender Notices.pdf\":\"http:\\/\\/www2.sesco.com.my\\/noticeDoc\\/BTU08-2018-AJG - Tender Notices.pdf\",\"BTU08-2018-AJG - Tender Summary.pdf\":\"http:\\/\\/www2.sesco.com.my\\/noticeDoc\\/BTU08-2018-AJG - Tender Summary.pdf\"}'),
(199, 'WR20/18', 'TENDER FOR SUPPLY AND INSTALLATION OF MAINS WIRING IN KUCHING, WESTERN REGION', NULL, 'Sarawak Energy Western Region - Network (Kuching)', 0, NULL, '2020-11-21', '0000-00-00', '{\"bidCloseDate\":\"N\\/A\",\"feeBeforeGST\":\"RM 50.00\",\"feeGST\":\"RM 0.00\",\"feeAfterGST\":\"RM 50.00\"}', '{\"name\":\"Wellington Anak Albert Kambun\",\"officePhone\":\"082482020\",\"extension\":\"2270\",\"mobilePhone\":null,\"email\":\"wellington@sarawakenergy.com.my\",\"fax\":null}', '{\"WR 20-18 - Tender Notice.pdf\":\"http:\\/\\/www2.sesco.com.my\\/noticeDoc\\/WR 20-18 - Tender Notice.pdf\",\"WR 20-18 - Tender Summary.pdf\":\"http:\\/\\/www2.sesco.com.my\\/noticeDoc\\/WR 20-18 - Tender Summary.pdf\"}'),
(200, 'WR19/18', 'Install & Commission 33kV Siemen Switchgear at 33/11kV Satok Sub', NULL, 'Sarawak Energy Western Region - Network (Kuching)', 0, NULL, '2020-11-21', '0000-00-00', '{\"bidCloseDate\":\"N\\/A\",\"feeBeforeGST\":\"RM 200.00\",\"feeGST\":\"RM 0.00\",\"feeAfterGST\":\"RM 200.00\"}', '{\"name\":\"Felix Law Yi Dong\",\"officePhone\":\"082-482020\",\"extension\":\"2240\",\"mobilePhone\":\"0198867219\",\"email\":\"felixlaw@sarawakenergy.com.my\",\"fax\":null}', '{\"WR19-18 - Tender Notices.pdf\":\"http:\\/\\/www2.sesco.com.my\\/noticeDoc\\/WR19-18 - Tender Notices.pdf\",\"WR19-18 - Tender Summary.pdf\":\"http:\\/\\/www2.sesco.com.my\\/noticeDoc\\/WR19-18 - Tender Summary.pdf\"}'),
(201, 'SMD39/EP/P2-2018', 'TENDER FOR ENGINEERING REMEDIAL WORKS TO SLOPES AT TOWER SMD 39, SELANGAU MATADENG 132kV TRANSMISSION LINE (PHASE 2)', NULL, 'Sarawak Energy Head Office', 0, NULL, '2020-11-21', '0000-00-00', '{\"bidCloseDate\":\"N\\/A\",\"feeBeforeGST\":\"RM 500.00\",\"feeGST\":\"RM 0.00\",\"feeAfterGST\":\"RM 500.00\"}', '{\"name\":\"Law Dah Lit\",\"officePhone\":\"082-388388\",\"extension\":\"8523\",\"mobilePhone\":\"0168084195\",\"email\":\"jimmy.ling@sarawakenergy.com.my\",\"fax\":null}', '{\"SMD39-EP-P2-2018 - Tender Notice.pdf\":\"http:\\/\\/www2.sesco.com.my\\/noticeDoc\\/SMD39-EP-P2-2018 - Tender Notice.pdf\",\"SMD39-EP-P2-2018 - Tender Particulars.pdf\":\"http:\\/\\/www2.sesco.com.my\\/noticeDoc\\/SMD39-EP-P2-2018 - Tender Particulars.pdf\"}'),
(202, 'BTU12/2018/TLI', 'TENDER FOR 33kV UNDERGROUND CABLE LAYING, CABLE JOINTING AND TERMINATION FROM KIDURONG 33Kv SUBSTATION TO HOUSING 33kV SUBSTATION, BINTULU REGION', NULL, 'Sarawak Energy Bintulu', 0, NULL, '2020-11-21', '0000-00-00', '{\"bidCloseDate\":\"N\\/A\",\"feeBeforeGST\":\"RM 500.00\",\"feeGST\":\"RM 0.00\",\"feeAfterGST\":\"RM 500.00\"}', '{\"name\":\"Yong Siaw Fuang\",\"officePhone\":\"086-331151\",\"extension\":\"6236\",\"mobilePhone\":null,\"email\":\"TiongLingIng@sarawakenergy.com.my\",\"fax\":null}', '{\"BTU12-2018-TLI - Tender Notice.pdf\":\"http:\\/\\/www2.sesco.com.my\\/noticeDoc\\/BTU12-2018-TLI - Tender Notice.pdf\",\"BTU12-2018-TLI - Tender Summary.pdf\":\"http:\\/\\/www2.sesco.com.my\\/noticeDoc\\/BTU12-2018-TLI - Tender Summary.pdf\"}'),
(203, 'PMS146/18A', 'Supply, delivery, installation, testing and commissioning of indoor digital signage and outdoor LED display system at Menara Sarawak Energy, Kuching', NULL, 'Sarawak Energy Head Office', 0, NULL, '2020-11-21', '0000-00-00', '{\"bidCloseDate\":\"N\\/A\",\"feeBeforeGST\":\"RM 200.00\",\"feeGST\":\"RM 0.00\",\"feeAfterGST\":\"RM 200.00\"}', '{\"name\":\"Linggir Agas\",\"officePhone\":\"082-388388\",\"extension\":\"8135\",\"mobilePhone\":null,\"email\":null,\"fax\":null}', '{\"PMS146-18A - Tender Notice.pdf\":\"http:\\/\\/www2.sesco.com.my\\/noticeDoc\\/PMS146-18A - Tender Notice.pdf\",\"PMS146-18A - Tender Particulars.pdf\":\"http:\\/\\/www2.sesco.com.my\\/noticeDoc\\/PMS146-18A - Tender Particulars.pdf\"}'),
(204, 'PMS175/18', 'Proposed New Warehouse at Samalaju B 275kV Substation, Bintulu, Sarawak', NULL, 'Sarawak Energy Head Office', 0, NULL, '2020-11-21', '0000-00-00', '{\"bidCloseDate\":\"N\\/A\",\"feeBeforeGST\":\"RM 1,000.00\",\"feeGST\":\"RM 0.00\",\"feeAfterGST\":\"RM 1,000.00\"}', '{\"name\":\"Lina Anak Chuhin\",\"officePhone\":\"082-388388\",\"extension\":\"8131\",\"mobilePhone\":null,\"email\":null,\"fax\":null}', '{\"PMS175-18 - Tender Notice.pdf\":\"http:\\/\\/www2.sesco.com.my\\/noticeDoc\\/PMS175-18 - Tender Notice.pdf\",\"PMS175-18 - Tender Summary.pdf\":\"http:\\/\\/www2.sesco.com.my\\/noticeDoc\\/PMS175-18 - Tender Summary.pdf\"}'),
(205, 'PMS201/18', 'TENDER FOR PROPOSED RENOVATION WORKS FOR NEW HR OFFICE AT LEVEL 4, NORTH, MENARA SEB.', NULL, 'Sarawak Energy Head Office', 0, NULL, '2020-11-21', '0000-00-00', '{\"bidCloseDate\":\"N\\/A\",\"feeBeforeGST\":\"RM 120.00\",\"feeGST\":\"RM 0.00\",\"feeAfterGST\":\"RM 120.00\"}', '{\"name\":\"Jorge Michael Anak Johny\",\"officePhone\":\"082-388388\",\"extension\":\"8136\",\"mobilePhone\":\"0168927167\",\"email\":\"jorgemichael@sarawakenergy.com.my\",\"fax\":null}', '{\"PMS201-18 - Tender Notice.pdf\":\"http:\\/\\/www2.sesco.com.my\\/noticeDoc\\/PMS201-18 - Tender Notice.pdf\",\"PMS201-18 - Tender Summary.pdf\":\"http:\\/\\/www2.sesco.com.my\\/noticeDoc\\/PMS201-18 - Tender Summary.pdf\"}'),
(206, 'ICT117/18', 'Supply and Delivery of HPE RAM Modules', NULL, 'Sarawak Energy Head Office', 0, NULL, '2020-11-21', '0000-00-00', '{\"bidCloseDate\":\"N\\/A\",\"feeBeforeGST\":\"RM 120.00\",\"feeGST\":\"RM 0.00\",\"feeAfterGST\":\"RM 120.00\"}', '{\"name\":\"Tay Sim Yee\",\"officePhone\":\"082-388388\",\"extension\":\"8269\",\"mobilePhone\":\"019-8822381\",\"email\":\"tsimyee@sarawakenergy.com.my\",\"fax\":null}', '{\"ICT117-18 - Tender Notice.pdf\":\"http:\\/\\/www2.sesco.com.my\\/noticeDoc\\/ICT117-18 - Tender Notice.pdf\",\"ICT117-18 - Tender Summary.pdf\":\"http:\\/\\/www2.sesco.com.my\\/noticeDoc\\/ICT117-18 - Tender Summary.pdf\"}'),
(207, 'BTU2(A)/2018/TLI', 'RE-TENDER FOR REPLACEMENT OF 33kV OUTDOOR SWITCHGEAR AT TOWN 33/11kV & HOUSING 33/11kV SUBSTATIONS', NULL, 'Sarawak Energy Bintulu', 0, NULL, '2020-11-21', '0000-00-00', '{\"bidCloseDate\":\"N\\/A\",\"feeBeforeGST\":\"RM 100.00\",\"feeGST\":\"RM 0.00\",\"feeAfterGST\":\"RM 100.00\"}', '{\"name\":\"Yong Siaw Fuang\",\"officePhone\":\"086-331151\",\"extension\":\"6236\",\"mobilePhone\":null,\"email\":\"TiongLingIng@sarawakenergy.com.my\",\"fax\":null}', '{\"BTU2-A-2018-TLI - Tender Notice.pdf\":\"http:\\/\\/www2.sesco.com.my\\/noticeDoc\\/BTU2-A-2018-TLI - Tender Notice.pdf\",\"BTU2-A-2018-TLI - Tender Summary.pdf\":\"http:\\/\\/www2.sesco.com.my\\/noticeDoc\\/BTU2-A-2018-TLI - Tender Summary.pdf\"}'),
(208, 'Opening Hours for Sale of Tender Document', 'Please be informed that tender documents are obtainable from 1st Floor Sarawak Energy Berhad, Wisma SEB, No.1, The Isthmus, 93050 Kuching, Sarawak at the following hours: MON-THU 8am-12nn, FRI 8am-1030am', NULL, 'Sarawak Energy Head Office', 0, NULL, '2020-12-31', '0000-00-00', '{\"bidCloseDate\":\"N\\/A\",\"feeBeforeGST\":\"RM 0.00\",\"feeGST\":\"RM 0.00\",\"feeAfterGST\":\"RM 0.00\"}', '{\"name\":\"Francesca Lim\",\"officePhone\":\"082-441188\",\"extension\":\"1126\",\"mobilePhone\":null,\"email\":null,\"fax\":null}', '{\"PMS106-14-Instruction.pdf\":\"http:\\/\\/www2.sesco.com.my\\/noticeDoc\\/PMS106-14-Instruction.pdf\"}'),
(209, '11-04-2018', 'CONTRACTOR BRIEFING \"Creating Opportunities in Sarawak Energy\" - Day 1', NULL, 'Sarawak Energy Head Office', 0, NULL, '2020-04-27', '0000-00-00', '{\"bidCloseDate\":\"N\\/A\",\"feeBeforeGST\":\"RM 0.00\",\"feeGST\":\"RM 0.00\",\"feeAfterGST\":\"RM 0.00\"}', '{\"name\":\"Tracy Bungan Kuleh\",\"officePhone\":\"082-388388\",\"extension\":\"8044\",\"mobilePhone\":null,\"email\":null,\"fax\":null}', '{\"Folder 1.zip\":\"http:\\/\\/www2.sesco.com.my\\/noticeDoc\\/Folder 1.zip\",\"Folder 2.zip\":\"http:\\/\\/www2.sesco.com.my\\/noticeDoc\\/Folder 2.zip\",\"Folder 3.zip\":\"http:\\/\\/www2.sesco.com.my\\/noticeDoc\\/Folder 3.zip\",\"Folder 4.zip\":\"http:\\/\\/www2.sesco.com.my\\/noticeDoc\\/Folder 4.zip\"}'),
(210, '12-04-2018', 'CONTRACTOR BRIEFING \"Creating Opportunities in Sarawak Energy\" - Day 2', NULL, 'Sarawak Energy Head Office', 0, NULL, '2020-04-27', '0000-00-00', '{\"bidCloseDate\":\"N\\/A\",\"feeBeforeGST\":\"RM 0.00\",\"feeGST\":\"RM 0.00\",\"feeAfterGST\":\"RM 0.00\"}', '{\"name\":\"Tracy Bungan Kuleh\",\"officePhone\":\"082-388388\",\"extension\":\"8044\",\"mobilePhone\":null,\"email\":null,\"fax\":null}', '{\"Folder 5.zip\":\"http:\\/\\/www2.sesco.com.my\\/noticeDoc\\/Folder 5.zip\",\"Folder 6.zip\":\"http:\\/\\/www2.sesco.com.my\\/noticeDoc\\/Folder 6.zip\"}'),
(211, 'BAPG64/2018/MAA', 'TENDER SUPPLY OF ENGINEERING SERVICES FOR GOVERNOR MODEL VALIDATION AT BATANG AI POWER STATION', NULL, 'Sarawak Energy Batang Ai Power Station', 0, NULL, '2020-12-19', '0000-00-00', '{\"bidCloseDate\":\"N\\/A\",\"feeBeforeGST\":\"RM 200.00\",\"feeGST\":\"RM 0.00\",\"feeAfterGST\":\"RM 200.00\"}', '{\"name\":\"Mohamad Ardzuan Bin Aman\",\"officePhone\":\"083584166\",\"extension\":\"0198881482\",\"mobilePhone\":\"0198593696\",\"email\":\"enggu.bungam@sarawakenergy.com\",\"fax\":null}', '{\"BAPG64-2018-MAA - Tender Notices.pdf\":\"http:\\/\\/www2.sesco.com.my\\/noticeDoc\\/BAPG64-2018-MAA - Tender Notices.pdf\",\"BAPG64-2018-MAA - Tender Summary.pdf\":\"http:\\/\\/www2.sesco.com.my\\/noticeDoc\\/BAPG64-2018-MAA - Tender Summary.pdf\"}'),
(212, 'MIR18B/2017', 'RETENDER FOR SERVICING AND MAINTENANCE OF AIR CONDITIONING SYSTEM IN MIRI, BEKENU, BATU NIAH AND MARUDI', NULL, 'Sarawak Energy Northern Region (Miri)', 0, NULL, '2020-12-19', '0000-00-00', '{\"bidCloseDate\":\"N\\/A\",\"feeBeforeGST\":\"RM 80.00\",\"feeGST\":\"RM 0.00\",\"feeAfterGST\":\"RM 80.00\"}', '{\"name\":\"Nuriya Binti Jumat Ali\",\"officePhone\":\"085-652020\",\"extension\":null,\"mobilePhone\":null,\"email\":null,\"fax\":null}', '{\"MIR18B-2017 - Tender Notice.pdf\":\"http:\\/\\/www2.sesco.com.my\\/noticeDoc\\/MIR18B-2017 - Tender Notice.pdf\",\"MIR18B-2017 - Tender Summary.pdf\":\"http:\\/\\/www2.sesco.com.my\\/noticeDoc\\/MIR18B-2017 - Tender Summary.pdf\"}'),
(213, 'PLS160199', 'Limbang Town 275/33/11kV Substation', NULL, 'Sarawak Energy Head Office', 0, NULL, '2020-12-19', '0000-00-00', '{\"bidCloseDate\":\"N\\/A\",\"feeBeforeGST\":\"RM 2,500.00\",\"feeGST\":\"RM 0.00\",\"feeAfterGST\":\"RM 2,500.00\"}', '{\"name\":\"Zakiah Binti Wan Abu Bakar\",\"officePhone\":\"082388388\",\"extension\":\"8484\",\"mobilePhone\":null,\"email\":null,\"fax\":null}', '{\"PLS-160199  - Tender Notice.pdf\":\"http:\\/\\/www2.sesco.com.my\\/noticeDoc\\/PLS-160199  - Tender Notice.pdf\",\"PLS160199 - Tender Particulars.pdf\":\"http:\\/\\/www2.sesco.com.my\\/noticeDoc\\/PLS160199 - Tender Particulars.pdf\",\"PLS160199 - Instructions to Tenderer.pdf\":\"http:\\/\\/www2.sesco.com.my\\/noticeDoc\\/PLS160199 - Instructions to Tenderer.pdf\"}'),
(214, 'BAPG62/2018/MAA', 'TENDER FOR SUPPLY, DESIGN, DELIVERY, INSTALLATION AND COMMISSIONING OF 275KV REVENUE METERS SCHEME AT BATANG AI POWER STATION, LUBOK ANTU', NULL, 'Sarawak Energy Batang Ai Power Station', 0, NULL, '2020-12-12', '0000-00-00', '{\"bidCloseDate\":\"N\\/A\",\"feeBeforeGST\":\"RM 200.00\",\"feeGST\":\"RM 0.00\",\"feeAfterGST\":\"RM 200.00\"}', '{\"name\":\"Mohamad Ardzuan Bin Aman\",\"officePhone\":\"082388388\",\"extension\":\"3278\",\"mobilePhone\":\"0198881482\",\"email\":\"ardzuan.aman@sarawakenergy.com.my\",\"fax\":null}', '{\"BAPG62-2018-MAA - Tender Notice.pdf\":\"http:\\/\\/www2.sesco.com.my\\/noticeDoc\\/BAPG62-2018-MAA - Tender Notice.pdf\",\"BAPG62-2018-MAA - Tender Summary.pdf\":\"http:\\/\\/www2.sesco.com.my\\/noticeDoc\\/BAPG62-2018-MAA - Tender Summary.pdf\"}'),
(215, 'BAPG7/2018/MAA', 'Tender for Supply, Design, Delivery, Installation and Commissioning of Electrical Static and Rotary Inverters System for Batang Ai Power Station', NULL, 'Sarawak Energy Batang Ai Power Station', 0, NULL, '2020-12-12', '0000-00-00', '{\"bidCloseDate\":\"N\\/A\",\"feeBeforeGST\":\"RM 200.00\",\"feeGST\":\"RM 0.00\",\"feeAfterGST\":\"RM 200.00\"}', '{\"name\":\"Mohamad Ardzuan Bin Aman\",\"officePhone\":\"082388388\",\"extension\":\"8278\",\"mobilePhone\":\"+60198881482\",\"email\":\"ardzuan.aman@sarawakenergy.com.my\",\"fax\":null}', '{\"BAPG7-2018-MAA - Tender Notice.pdf\":\"http:\\/\\/www2.sesco.com.my\\/noticeDoc\\/BAPG7-2018-MAA - Tender Notice.pdf\",\"BAPG 7-2018-MAA - Tender Particulars.pdf\":\"http:\\/\\/www2.sesco.com.my\\/noticeDoc\\/BAPG 7-2018-MAA - Tender Particulars.pdf\"}'),
(216, 'IM08/18', 'Tender Sale of Short Length Cables at Warehouse Nos. 1 & 2 , SESCO Central Store, Kuching.', NULL, 'Sarawak Energy Head Office', 0, NULL, '2020-12-12', '0000-00-00', '{\"bidCloseDate\":\"N\\/A\",\"feeBeforeGST\":\"RM 50.00\",\"feeGST\":\"RM 0.00\",\"feeAfterGST\":\"RM 50.00\"}', '{\"name\":\"Tan Yin Loke\",\"officePhone\":\"082309612\",\"extension\":\"2612\",\"mobilePhone\":null,\"email\":null,\"fax\":null}', '{\"IM08-18 - Tender Notice.pdf\":\"http:\\/\\/www2.sesco.com.my\\/noticeDoc\\/IM08-18 - Tender Notice.pdf\",\"IM08-18 - Tender Summary.pdf\":\"http:\\/\\/www2.sesco.com.my\\/noticeDoc\\/IM08-18 - Tender Summary.pdf\"}'),
(217, 'MIR19/2018', 'Tender for renovation of ground, first and second floor at Miri Regional Office', NULL, 'Sarawak Energy Northern Region (Miri)', 0, NULL, '2020-12-12', '0000-00-00', '{\"bidCloseDate\":\"N\\/A\",\"feeBeforeGST\":\"RM 80.00\",\"feeGST\":\"RM 0.00\",\"feeAfterGST\":\"RM 80.00\"}', '{\"name\":\"Nuriya Binti Jumat Ali\",\"officePhone\":\"085-652020\",\"extension\":\"5303\",\"mobilePhone\":null,\"email\":null,\"fax\":null}', '{\"MIR19-2018 - Tender Notice.pdf\":\"http:\\/\\/www2.sesco.com.my\\/noticeDoc\\/MIR19-2018 - Tender Notice.pdf\",\"MIR19-2018 - Tender Summary.pdf\":\"http:\\/\\/www2.sesco.com.my\\/noticeDoc\\/MIR19-2018 - Tender Summary.pdf\"}'),
(218, 'MIR20/2018', 'GENERAL CLEANING SERVICES FOR MIRI REGIONAL OFFICE, GUARDHOUSE, ELECTRICAL STORE, BEKENU OFFICE, BATU NIAH OFFICE AND PERMYJAYA OFFICE.', NULL, 'Sarawak Energy Northern Region (Miri)', 0, NULL, '2020-12-12', '0000-00-00', '{\"bidCloseDate\":\"N\\/A\",\"feeBeforeGST\":\"RM 80.00\",\"feeGST\":\"RM 0.00\",\"feeAfterGST\":\"RM 80.00\"}', '{\"name\":\"Nuriya Binti Jumat Ali\",\"officePhone\":\"085-652020\",\"extension\":\"5303\",\"mobilePhone\":null,\"email\":null,\"fax\":null}', '{\"MIR20-18 - Tender Notices.pdf\":\"http:\\/\\/www2.sesco.com.my\\/noticeDoc\\/MIR20-18 - Tender Notices.pdf\",\"MIR20-18 - Tender Summary.pdf\":\"http:\\/\\/www2.sesco.com.my\\/noticeDoc\\/MIR20-18 - Tender Summary.pdf\"}'),
(219, 'SRI(NW)19(a)/2018/MSM/la', 'RE-TENDER FOR THE SUPPLY AND DELIVERY OF FURNITURE?S FOR SRI AMAN OUTSTATION.', NULL, 'Sarawak Energy Sri Aman', 0, NULL, '2020-12-12', '0000-00-00', '{\"bidCloseDate\":\"N\\/A\",\"feeBeforeGST\":\"RM 120.00\",\"feeGST\":\"RM 0.00\",\"feeAfterGST\":\"RM 120.00\"}', '{\"name\":\"Lingga Alam\",\"officePhone\":\"083-322080\",\"extension\":\"3111\",\"mobilePhone\":null,\"email\":\"lingga.alam@sarawakenergy.com.my\",\"fax\":null}', '{\"SRI-NW-19-a-2018-MSM-la - Tender Notice.pdf\":\"http:\\/\\/www2.sesco.com.my\\/noticeDoc\\/SRI-NW-19-a-2018-MSM-la - Tender Notice.pdf\",\"SRI-NW-19-a-2018-MSM-la - Tender Particulars.pdf\":\"http:\\/\\/www2.sesco.com.my\\/noticeDoc\\/SRI-NW-19-a-2018-MSM-la - Tender Particulars.pdf\"}');
INSERT INTO `scrapped_tender` (`id`, `reference`, `title`, `category`, `originatingSource`, `tenderSource`, `agency`, `closingDate`, `startDate`, `docInfoJson`, `originatorJson`, `fileLinks`) VALUES
(220, 'SRI(NW)08(a)/2018/JN/la', 'RE-TENDER FOR THE RENOVATION OF SARATOK OFFICE 1ST FLOOR.', NULL, 'Sarawak Energy Sri Aman', 0, NULL, '2020-12-12', '0000-00-00', '{\"bidCloseDate\":\"N\\/A\",\"feeBeforeGST\":\"RM 80.00\",\"feeGST\":\"RM 0.00\",\"feeAfterGST\":\"RM 80.00\"}', '{\"name\":\"Lingga Alam\",\"officePhone\":\"083-322080\",\"extension\":\"3111\",\"mobilePhone\":null,\"email\":\"lingga.alam@sarawakenergy.com\",\"fax\":null}', '{\"SRI-NW-08-a-2018-JN-la - Tender Notice.pdf\":\"http:\\/\\/www2.sesco.com.my\\/noticeDoc\\/SRI-NW-08-a-2018-JN-la - Tender Notice.pdf\",\"SRI-NW-08-a-2018-JN-la - Tender Summary.pdf\":\"http:\\/\\/www2.sesco.com.my\\/noticeDoc\\/SRI-NW-08-a-2018-JN-la - Tender Summary.pdf\"}'),
(221, 'PMS194/18', 'Tender for the annual contract of cleaning services at Wisma Sesco, Jalan Bako 93050 Kuching, Sarawak', NULL, 'Sarawak Energy Head Office', 0, NULL, '2020-12-12', '0000-00-00', '{\"bidCloseDate\":\"N\\/A\",\"feeBeforeGST\":\"RM 200.00\",\"feeGST\":\"RM 0.00\",\"feeAfterGST\":\"RM 200.00\"}', '{\"name\":\"Mancha Anak Rugis\",\"officePhone\":\"082-388388\",\"extension\":\"1122\",\"mobilePhone\":\"0109661885\",\"email\":null,\"fax\":null}', '{\"PMS194-18 - Tender Notice.pdf\":\"http:\\/\\/www2.sesco.com.my\\/noticeDoc\\/PMS194-18 - Tender Notice.pdf\",\"PMS194-18 - Tender Particulars.pdf\":\"http:\\/\\/www2.sesco.com.my\\/noticeDoc\\/PMS194-18 - Tender Particulars.pdf\"}'),
(222, 'PLS-170128-E', 'SUPPLY, ERECTION AND COMMISSIONING OF PUSA 33/11kV SUBSTATION, BETONG', NULL, 'Sarawak Energy Head Office', 0, NULL, '2020-12-12', '0000-00-00', '{\"bidCloseDate\":\"N\\/A\",\"feeBeforeGST\":\"RM 1,500.00\",\"feeGST\":\"RM 0.00\",\"feeAfterGST\":\"RM 1,500.00\"}', '{\"name\":\"Sarina Binti Missnan\",\"officePhone\":\"082388388\",\"extension\":\"8672\",\"mobilePhone\":null,\"email\":\"sarina@sarawakenergy.com.my\",\"fax\":null}', '{\"PLS-170128-E - Tender Notice.pdf\":\"http:\\/\\/www2.sesco.com.my\\/noticeDoc\\/PLS-170128-E - Tender Notice.pdf\",\"PLS-170128-E  - Tender Particulars.pdf\":\"http:\\/\\/www2.sesco.com.my\\/noticeDoc\\/PLS-170128-E  - Tender Particulars.pdf\"}'),
(223, 'MHPG/3/MNAR/2018', 'Supply and Delivery of ABB Protection Spare Parts for Murum HEP', NULL, 'Sarawak Energy Murum HEPS', 0, NULL, '2020-12-12', '0000-00-00', '{\"bidCloseDate\":\"N\\/A\",\"feeBeforeGST\":\"RM 80.00\",\"feeGST\":\"RM 0.00\",\"feeAfterGST\":\"RM 80.00\"}', '{\"name\":\"Emilia Bergin\",\"officePhone\":\"0138240301\",\"extension\":null,\"mobilePhone\":null,\"email\":\"emilia.bergin@sarawakenergy.com.my\",\"fax\":null}', '{\"MHPG-3-MNAR-2018 - Tender Notice.pdf\":\"http:\\/\\/www2.sesco.com.my\\/noticeDoc\\/MHPG-3-MNAR-2018 - Tender Notice.pdf\",\"MHPG-3-MNAR-2018 - Tender Summary.pdf\":\"http:\\/\\/www2.sesco.com.my\\/noticeDoc\\/MHPG-3-MNAR-2018 - Tender Summary.pdf\"}'),
(224, 'DPC83/18', 'Tender for the Supply & Delivery of Type \'K\' Expulsion Fuse Link', NULL, 'Sarawak Energy Head Office', 0, NULL, '2020-12-12', '0000-00-00', '{\"bidCloseDate\":\"10-12-2018 at 3:00 PM\",\"feeBeforeGST\":\"RM 50.00\",\"feeGST\":\"RM 0.00\",\"feeAfterGST\":\"RM 50.00\"}', '{\"name\":\"Dennis Chee Jun Sheng\",\"officePhone\":\"082-388388\",\"extension\":\"8219\",\"mobilePhone\":null,\"email\":null,\"fax\":null}', '{\"DPC83-18 - Tender Notice.pdf\":\"http:\\/\\/www2.sesco.com.my\\/noticeDoc\\/DPC83-18 - Tender Notice.pdf\",\"DPC83-18 - Tender Summary.pdf\":\"http:\\/\\/www2.sesco.com.my\\/noticeDoc\\/DPC83-18 - Tender Summary.pdf\"}'),
(225, 'GEM-2018-007', 'Construction and Completion of Majau and Anchau Bridge at Merit Pila, Kapit', NULL, 'Sarawak Energy Head Office', 0, NULL, '2020-12-05', '0000-00-00', '{\"bidCloseDate\":\"N\\/A\",\"feeBeforeGST\":\"RM 1,000.00\",\"feeGST\":\"RM 0.00\",\"feeAfterGST\":\"RM 1,000.00\"}', '{\"name\":\"Caroline Lee Shuey Hwan\",\"officePhone\":\"082388388\",\"extension\":\"8083\",\"mobilePhone\":null,\"email\":null,\"fax\":null}', '{\"GEM-2018-007 - Tender Notice.pdf\":\"http:\\/\\/www2.sesco.com.my\\/noticeDoc\\/GEM-2018-007 - Tender Notice.pdf\",\"GEM-2018-007 - Tender Summary.pdf\":\"http:\\/\\/www2.sesco.com.my\\/noticeDoc\\/GEM-2018-007 - Tender Summary.pdf\"}'),
(226, 'SRI(NW)23/2018/MSM/mnm', 'Tender For The Transportation of Two(2) Units 10/15MVA 33/11kV Transformers and Two (2) Units 5MVA 33/11kv Transformers', NULL, 'Sarawak Energy Sri Aman', 0, NULL, '2020-12-05', '0000-00-00', '{\"bidCloseDate\":\"N\\/A\",\"feeBeforeGST\":\"RM 50.00\",\"feeGST\":\"RM 0.00\",\"feeAfterGST\":\"RM 50.00\"}', '{\"name\":\"Murphy Nyambong Anak Michael\",\"officePhone\":\"083322080\",\"extension\":\"3110\",\"mobilePhone\":null,\"email\":\"murphynyambong@sarawakenergy.com.my\",\"fax\":null}', '{\"SRI-NW-23-2018-MSM-mnm - Tender Notice.pdf\":\"http:\\/\\/www2.sesco.com.my\\/noticeDoc\\/SRI-NW-23-2018-MSM-mnm - Tender Notice.pdf\",\"SRI-NW-23-2018-MSM-mnm - Tender Summary.pdf\":\"http:\\/\\/www2.sesco.com.my\\/noticeDoc\\/SRI-NW-23-2018-MSM-mnm - Tender Summary.pdf\"}'),
(227, 'SER-2018-008', 'Mining Engineering Services for \"A North\" Coal Mine Project', NULL, 'Sarawak Energy Head Office', 0, NULL, '2020-12-05', '0000-00-00', '{\"bidCloseDate\":\"N\\/A\",\"feeBeforeGST\":\"RM 120.00\",\"feeGST\":\"RM 0.00\",\"feeAfterGST\":\"RM 120.00\"}', '{\"name\":\"Caroline Lee Shuey Hwan\",\"officePhone\":\"082-388388\",\"extension\":\"8083\",\"mobilePhone\":null,\"email\":null,\"fax\":null}', '{\"SER-2018-008 - Tender Notice.pdf\":\"http:\\/\\/www2.sesco.com.my\\/noticeDoc\\/SER-2018-008 - Tender Notice.pdf\",\"SER-2018-008 - Tender Summary.pdf\":\"http:\\/\\/www2.sesco.com.my\\/noticeDoc\\/SER-2018-008 - Tender Summary.pdf\"}'),
(228, 'SAR26/18/YSE', 'Tender Sales of Scrap Materials (Cable, Conductor, Transformer, Switchgear and etc) at Syarikat SESCO Berhad, Sarikei Office (Central Region)', NULL, 'Sarawak Energy Sarikei', 0, NULL, '2020-12-05', '0000-00-00', '{\"bidCloseDate\":\"N\\/A\",\"feeBeforeGST\":\"RM 80.00\",\"feeGST\":\"RM 0.00\",\"feeAfterGST\":\"RM 80.00\"}', '{\"name\":\"Mary Tajol\",\"officePhone\":\"084-652020\",\"extension\":\"4617\",\"mobilePhone\":null,\"email\":null,\"fax\":null}', '{\"SAR26-18-YSE - Tender Notice.pdf\":\"http:\\/\\/www2.sesco.com.my\\/noticeDoc\\/SAR26-18-YSE - Tender Notice.pdf\",\"SAR26-18-YSE - Tender Summary.pdf\":\"http:\\/\\/www2.sesco.com.my\\/noticeDoc\\/SAR26-18-YSE - Tender Summary.pdf\"}'),
(229, 'MPG(M)5/100/ASM/AAG/561', 'TO SUPPLY, INSTALL AND COMMISSIONING 6 UNITS OF MAINTENANCE BOXES AT BOILER AREA UNIT 2, MUKAH POWER GENERATION SDN BHD', NULL, 'Sarawak Energy Mukah Power Generation', 0, NULL, '2020-12-05', '0000-00-00', '{\"bidCloseDate\":\"N\\/A\",\"feeBeforeGST\":\"RM 120.00\",\"feeGST\":\"RM 0.00\",\"feeAfterGST\":\"RM 120.00\"}', '{\"name\":\"Roziah Haji Alli\",\"officePhone\":\"0168892101\",\"extension\":null,\"mobilePhone\":null,\"email\":\"mpg@sarawakenergy.com.my\",\"fax\":null}', '{\"MPG-M-100-ASM-AAG-561 - Tender Notices.pdf\":\"http:\\/\\/www2.sesco.com.my\\/noticeDoc\\/MPG-M-100-ASM-AAG-561 - Tender Notices.pdf\",\"MPG-M-100-ASM-AAG-561 - Tender Summary.pdf\":\"http:\\/\\/www2.sesco.com.my\\/noticeDoc\\/MPG-M-100-ASM-AAG-561 - Tender Summary.pdf\"}'),
(230, 'MHPG/2/EB/2018', 'Supply and Delivery of Electrical Spare Parts for Murum HEP', NULL, 'Sarawak Energy Murum HEPS', 0, NULL, '2020-12-05', '0000-00-00', '{\"bidCloseDate\":\"N\\/A\",\"feeBeforeGST\":\"RM 80.00\",\"feeGST\":\"RM 0.00\",\"feeAfterGST\":\"RM 80.00\"}', '{\"name\":\"Emilia Bergin\",\"officePhone\":\"0138240301\",\"extension\":null,\"mobilePhone\":null,\"email\":\"emilia.bergin@sarawakenergy.com.my\",\"fax\":null}', '{\"MHPG-2-EB-2018 - Tender Notice.pdf\":\"http:\\/\\/www2.sesco.com.my\\/noticeDoc\\/MHPG-2-EB-2018 - Tender Notice.pdf\",\"MHPG-2-EB-2018 - Tender Summary.pdf\":\"http:\\/\\/www2.sesco.com.my\\/noticeDoc\\/MHPG-2-EB-2018 - Tender Summary.pdf\"}'),
(231, 'MHPG/3/MAAW/2018', 'Supply & Delivery of Mechanical Spare Parts for Murum HEP', NULL, 'Sarawak Energy Murum HEPS', 0, NULL, '2020-12-05', '0000-00-00', '{\"bidCloseDate\":\"N\\/A\",\"feeBeforeGST\":\"RM 80.00\",\"feeGST\":\"RM 0.00\",\"feeAfterGST\":\"RM 80.00\"}', '{\"name\":\"Nurfaizal Bin Wahi\",\"officePhone\":\"017-2260648\",\"extension\":null,\"mobilePhone\":null,\"email\":null,\"fax\":null}', '{\"MHPG-3-MAAW-2018 - Tender Notices.pdf\":\"http:\\/\\/www2.sesco.com.my\\/noticeDoc\\/MHPG-3-MAAW-2018 - Tender Notices.pdf\",\"MHPG-3-MAAW-2018 - Tender Particulars.pdf\":\"http:\\/\\/www2.sesco.com.my\\/noticeDoc\\/MHPG-3-MAAW-2018 - Tender Particulars.pdf\"}'),
(232, 'GPI143/18', 'SUPPLY OF DAIHATSU 12DK-32B ENGINE SPARE PARTS  LIMBANG POWER STATION', NULL, 'Sarawak Energy Head Office', 0, NULL, '2020-12-05', '0000-00-00', '{\"bidCloseDate\":\"N\\/A\",\"feeBeforeGST\":\"RM 350.00\",\"feeGST\":\"RM 0.00\",\"feeAfterGST\":\"RM 350.00\"}', '{\"name\":\"Kho Guan Huat\",\"officePhone\":\"082-388388\",\"extension\":\"8216\",\"mobilePhone\":null,\"email\":null,\"fax\":null}', '{\"GPI143-18 - Tender Notice.pdf\":\"http:\\/\\/www2.sesco.com.my\\/noticeDoc\\/GPI143-18 - Tender Notice.pdf\",\"GPI143-18 - Tender Summary.pdf\":\"http:\\/\\/www2.sesco.com.my\\/noticeDoc\\/GPI143-18 - Tender Summary.pdf\"}'),
(233, 'BPS025/18', 'SUPPLY AND REPLACEMENT OF GT 7 TRANSFORMER PROTECTION RELAY TO TANJUNG KIDURONG POWER STATION BINTULU.', NULL, 'Sarawak Energy Bintulu', 0, NULL, '2020-11-28', '0000-00-00', '{\"bidCloseDate\":\"N\\/A\",\"feeBeforeGST\":\"RM 120.00\",\"feeGST\":\"RM 0.00\",\"feeAfterGST\":\"RM 120.00\"}', '{\"name\":\"Cecilia Mutek\",\"officePhone\":\"086-256616\",\"extension\":null,\"mobilePhone\":\"019-8561616\",\"email\":\"wongparkchung@sarawakenergy.com\",\"fax\":null}', '{\"BPS025-18 - Tender Notice.pdf\":\"http:\\/\\/www2.sesco.com.my\\/noticeDoc\\/BPS025-18 - Tender Notice.pdf\",\"BPS025-18 - Tender Summary.pdf\":\"http:\\/\\/www2.sesco.com.my\\/noticeDoc\\/BPS025-18 - Tender Summary.pdf\"}'),
(234, 'SRI(NW)25/2018/MSM/npm', 'TENDER SALES OF SCRAP MATERIALS AT SYARIKAT SESCO BERHAD, SRI AMAN STORE', NULL, 'Sarawak Energy Sri Aman', 0, NULL, '2020-11-28', '0000-00-00', '{\"bidCloseDate\":\"N\\/A\",\"feeBeforeGST\":\"RM 50.00\",\"feeGST\":\"RM 0.00\",\"feeAfterGST\":\"RM 50.00\"}', '{\"name\":\"Ngu Piew Ming\",\"officePhone\":\"083320429\",\"extension\":null,\"mobilePhone\":\"0198588345\",\"email\":\"pmngu@sarawakenergy.com.my\",\"fax\":null}', '{\"SRI(NW)25-2018-MSM-npm - Tender Notice.pdf\":\"http:\\/\\/www2.sesco.com.my\\/noticeDoc\\/SRI(NW)25-2018-MSM-npm - Tender Notice.pdf\",\"SRI(NW)25-2018-MSM-npm - Tender Summary.pdf\":\"http:\\/\\/www2.sesco.com.my\\/noticeDoc\\/SRI(NW)25-2018-MSM-npm - Tender Summary.pdf\"}'),
(235, 'SPC/036/18', 'Supply and Delivery of Industrial Safety Footwear', NULL, 'Sarawak Energy Sejingkat Power Corporation', 0, NULL, '2020-11-28', '0000-00-00', '{\"bidCloseDate\":\"N\\/A\",\"feeBeforeGST\":\"RM 80.00\",\"feeGST\":\"RM 0.00\",\"feeAfterGST\":\"RM 80.00\"}', '', '{\"SPC-036-2018 - Tender Notice.pdf\":\"http:\\/\\/www2.sesco.com.my\\/noticeDoc\\/SPC-036-2018 - Tender Notice.pdf\",\"SPC-036-2018 - Tender Summary.pdf\":\"http:\\/\\/www2.sesco.com.my\\/noticeDoc\\/SPC-036-2018 - Tender Summary.pdf\"}'),
(236, 'SPC/031/18', 'TENDER FOR THE PROVISION OF YEARLY CONTRACT FOR BOILER SKILLED MANPOWER SUPPLY', NULL, 'Sarawak Energy Sejingkat Power Corporation', 0, NULL, '2020-11-28', '0000-00-00', '{\"bidCloseDate\":\"N\\/A\",\"feeBeforeGST\":\"RM 50.00\",\"feeGST\":\"RM 0.00\",\"feeAfterGST\":\"RM 50.00\"}', '{\"name\":\"Chong Min Fatt\",\"officePhone\":\"082-439680\",\"extension\":\"2022\",\"mobilePhone\":\"019-8271427\",\"email\":\"chongminfatt@sarawakenergy.com\",\"fax\":null}', '{\"SPC-031-18 - Tender Notices.pdf\":\"http:\\/\\/www2.sesco.com.my\\/noticeDoc\\/SPC-031-18 - Tender Notices.pdf\",\"SPC-031-18 - Tender Particulars.pdf\":\"http:\\/\\/www2.sesco.com.my\\/noticeDoc\\/SPC-031-18 - Tender Particulars.pdf\"}'),
(237, 'PLS160085', 'Serudit to Sri Aman 132kV Transmission Line Project', NULL, 'Sarawak Energy Head Office', 0, NULL, '2020-11-28', '0000-00-00', '{\"bidCloseDate\":\"N\\/A\",\"feeBeforeGST\":\"RM 2,500.00\",\"feeGST\":\"RM 0.00\",\"feeAfterGST\":\"RM 2,500.00\"}', '{\"name\":\"Zakiah Binti Wan Abu Bakar\",\"officePhone\":\"082388388\",\"extension\":\"8484\",\"mobilePhone\":null,\"email\":null,\"fax\":null}', '{\"PLS160085 - Tender Notice.pdf\":\"http:\\/\\/www2.sesco.com.my\\/noticeDoc\\/PLS160085 - Tender Notice.pdf\",\"PLS160085 - Tender Particulars.pdf\":\"http:\\/\\/www2.sesco.com.my\\/noticeDoc\\/PLS160085 - Tender Particulars.pdf\",\"PLS160085 - Instructions to Tenderer.pdf\":\"http:\\/\\/www2.sesco.com.my\\/noticeDoc\\/PLS160085 - Instructions to Tenderer.pdf\"}'),
(238, 'PLS-180179', 'KANOWIT 132/33/11kV SUBSTATION', NULL, 'Sarawak Energy Head Office', 0, NULL, '2020-11-28', '0000-00-00', '{\"bidCloseDate\":\"N\\/A\",\"feeBeforeGST\":\"RM 2,500.00\",\"feeGST\":\"RM 0.00\",\"feeAfterGST\":\"RM 2,500.00\"}', '{\"name\":\"Ko See Sheng\",\"officePhone\":\"082388388\",\"extension\":\"8484\",\"mobilePhone\":\"016-8933805\",\"email\":\"koseesheng@sarawakenergy.com.my\",\"fax\":null}', '{\"PLS-180179 - Tender Notice.pdf\":\"http:\\/\\/www2.sesco.com.my\\/noticeDoc\\/PLS-180179 - Tender Notice.pdf\",\"PLS-180179 Tender Particulars.pdf\":\"http:\\/\\/www2.sesco.com.my\\/noticeDoc\\/PLS-180179 Tender Particulars.pdf\",\"PLS-180179 - Instructions To Tenderer.pdf\":\"http:\\/\\/www2.sesco.com.my\\/noticeDoc\\/PLS-180179 - Instructions To Tenderer.pdf\"}'),
(239, 'PLS-180178', 'TATAU 275/(132)/33/11kV SUBSTATION', NULL, 'Sarawak Energy Head Office', 0, NULL, '2020-11-28', '0000-00-00', '{\"bidCloseDate\":\"N\\/A\",\"feeBeforeGST\":\"RM 2,500.00\",\"feeGST\":\"RM 0.00\",\"feeAfterGST\":\"RM 2,500.00\"}', '{\"name\":\"Ko See Sheng\",\"officePhone\":\"082-388388\",\"extension\":\"8484\",\"mobilePhone\":\"016-8933805\",\"email\":\"koseesheng@sarawakenergy.com.my\",\"fax\":null}', '{\"PLS-180178 - Tender Notice.pdf\":\"http:\\/\\/www2.sesco.com.my\\/noticeDoc\\/PLS-180178 - Tender Notice.pdf\",\"PLS-180178 - Tender Particulars.pdf\":\"http:\\/\\/www2.sesco.com.my\\/noticeDoc\\/PLS-180178 - Tender Particulars.pdf\",\"PLS-180178 - Instructions To Tenderer.pdf\":\"http:\\/\\/www2.sesco.com.my\\/noticeDoc\\/PLS-180178 - Instructions To Tenderer.pdf\"}'),
(240, 'GPI88/18', 'Three Years Contract for the Supply of Spare Parts, Component Repairs and Technical Advisor Services for GE Frame 6B and Frame 9E Gas Turbines', NULL, 'Sarawak Energy Head Office', 0, NULL, '2020-11-28', '0000-00-00', '{\"bidCloseDate\":\"N\\/A\",\"feeBeforeGST\":\"RM 1,000.00\",\"feeGST\":\"RM 0.00\",\"feeAfterGST\":\"RM 1,000.00\"}', '{\"name\":\"Ivan Stephen Jimos\",\"officePhone\":\"082-388388\",\"extension\":\"8795\",\"mobilePhone\":null,\"email\":null,\"fax\":null}', '{\"GPI88-18 - Tender Notice.pdf\":\"http:\\/\\/www2.sesco.com.my\\/noticeDoc\\/GPI88-18 - Tender Notice.pdf\",\"GPI88-18 - Tender Summary.pdf\":\"http:\\/\\/www2.sesco.com.my\\/noticeDoc\\/GPI88-18 - Tender Summary.pdf\"}'),
(241, 'HDD201811/BAKUN-ECT(SI)/ANFR2', 'RE-TENDER FOR GEOTECHNICAL INVESTIGATION WORKS FOR THE PROPOSED BAKUN HEP CAPACITY EXTENSION PROJECT', NULL, 'Sarawak Energy Head Office', 0, NULL, '2020-11-28', '0000-00-00', '{\"bidCloseDate\":\"N\\/A\",\"feeBeforeGST\":\"RM 200.00\",\"feeGST\":\"RM 0.00\",\"feeAfterGST\":\"RM 200.00\"}', '{\"name\":\"Farrah Tracy Anak Kaben\",\"officePhone\":\"082-388388\",\"extension\":\"8271\",\"mobilePhone\":null,\"email\":null,\"fax\":null}', '{\"HDD201811-BAKUN-ECT(SI)ANFR2 - Tender Notices.pdf\":\"http:\\/\\/www2.sesco.com.my\\/noticeDoc\\/HDD201811-BAKUN-ECT(SI)ANFR2 - Tender Notices.pdf\",\"HDD201811-BAKUN-ECT(SI)ANFR2 - Tender Particulars.pdf\":\"http:\\/\\/www2.sesco.com.my\\/noticeDoc\\/HDD201811-BAKUN-ECT(SI)ANFR2 - Tender Particulars.pdf\"}'),
(242, 'BPS026/18', 'REPLACEMENT OF SHIELD FOR HIGH AND LOW PRESSURE STEAM PIPE OF UNIT 9 AT TANJUNG KIDURONG POWER STATION BINTULU.', NULL, 'Sarawak Energy Bintulu', 0, NULL, '2020-11-28', '0000-00-00', '{\"bidCloseDate\":\"N\\/A\",\"feeBeforeGST\":\"RM 500.00\",\"feeGST\":\"RM 0.00\",\"feeAfterGST\":\"RM 500.00\"}', '{\"name\":\"Cecilia Mutek\",\"officePhone\":\"086-256616\",\"extension\":null,\"mobilePhone\":\"019-8561616\",\"email\":\"WONGPARKCHUNG@SARAWAKENERGY.COM.MY\",\"fax\":null}', '{\"BPS026-18 -  Tender Notice.pdf\":\"http:\\/\\/www2.sesco.com.my\\/noticeDoc\\/BPS026-18 -  Tender Notice.pdf\",\"BPS026-18 -  Tender Summary.pdf\":\"http:\\/\\/www2.sesco.com.my\\/noticeDoc\\/BPS026-18 -  Tender Summary.pdf\"}'),
(243, 'BTU08/2018/AJG', 'TENDER FOR 11kV SWITCHGEAR EXTENSION AT TATAU SUBSTATION IN BINTULU REGION', NULL, 'Sarawak Energy Bintulu', 0, NULL, '2020-11-21', '0000-00-00', '{\"bidCloseDate\":\"N\\/A\",\"feeBeforeGST\":\"RM 100.00\",\"feeGST\":\"RM 0.00\",\"feeAfterGST\":\"RM 100.00\"}', '{\"name\":\"Yong Siaw Fuang\",\"officePhone\":\"086-331151\",\"extension\":\"6252\",\"mobilePhone\":null,\"email\":null,\"fax\":null}', '{\"BTU08-2018-AJG - Tender Notices.pdf\":\"http:\\/\\/www2.sesco.com.my\\/noticeDoc\\/BTU08-2018-AJG - Tender Notices.pdf\",\"BTU08-2018-AJG - Tender Summary.pdf\":\"http:\\/\\/www2.sesco.com.my\\/noticeDoc\\/BTU08-2018-AJG - Tender Summary.pdf\"}'),
(244, 'WR20/18', 'TENDER FOR SUPPLY AND INSTALLATION OF MAINS WIRING IN KUCHING, WESTERN REGION', NULL, 'Sarawak Energy Western Region - Network (Kuching)', 0, NULL, '2020-11-21', '0000-00-00', '{\"bidCloseDate\":\"N\\/A\",\"feeBeforeGST\":\"RM 50.00\",\"feeGST\":\"RM 0.00\",\"feeAfterGST\":\"RM 50.00\"}', '{\"name\":\"Wellington Anak Albert Kambun\",\"officePhone\":\"082482020\",\"extension\":\"2270\",\"mobilePhone\":null,\"email\":\"wellington@sarawakenergy.com.my\",\"fax\":null}', '{\"WR 20-18 - Tender Notice.pdf\":\"http:\\/\\/www2.sesco.com.my\\/noticeDoc\\/WR 20-18 - Tender Notice.pdf\",\"WR 20-18 - Tender Summary.pdf\":\"http:\\/\\/www2.sesco.com.my\\/noticeDoc\\/WR 20-18 - Tender Summary.pdf\"}'),
(245, 'WR19/18', 'Install & Commission 33kV Siemen Switchgear at 33/11kV Satok Sub', NULL, 'Sarawak Energy Western Region - Network (Kuching)', 0, NULL, '2020-11-21', '0000-00-00', '{\"bidCloseDate\":\"N\\/A\",\"feeBeforeGST\":\"RM 200.00\",\"feeGST\":\"RM 0.00\",\"feeAfterGST\":\"RM 200.00\"}', '{\"name\":\"Felix Law Yi Dong\",\"officePhone\":\"082-482020\",\"extension\":\"2240\",\"mobilePhone\":\"0198867219\",\"email\":\"felixlaw@sarawakenergy.com.my\",\"fax\":null}', '{\"WR19-18 - Tender Notices.pdf\":\"http:\\/\\/www2.sesco.com.my\\/noticeDoc\\/WR19-18 - Tender Notices.pdf\",\"WR19-18 - Tender Summary.pdf\":\"http:\\/\\/www2.sesco.com.my\\/noticeDoc\\/WR19-18 - Tender Summary.pdf\"}'),
(246, 'SMD39/EP/P2-2018', 'TENDER FOR ENGINEERING REMEDIAL WORKS TO SLOPES AT TOWER SMD 39, SELANGAU MATADENG 132kV TRANSMISSION LINE (PHASE 2)', NULL, 'Sarawak Energy Head Office', 0, NULL, '2020-11-21', '0000-00-00', '{\"bidCloseDate\":\"N\\/A\",\"feeBeforeGST\":\"RM 500.00\",\"feeGST\":\"RM 0.00\",\"feeAfterGST\":\"RM 500.00\"}', '{\"name\":\"Law Dah Lit\",\"officePhone\":\"082-388388\",\"extension\":\"8523\",\"mobilePhone\":\"0168084195\",\"email\":\"jimmy.ling@sarawakenergy.com.my\",\"fax\":null}', '{\"SMD39-EP-P2-2018 - Tender Notice.pdf\":\"http:\\/\\/www2.sesco.com.my\\/noticeDoc\\/SMD39-EP-P2-2018 - Tender Notice.pdf\",\"SMD39-EP-P2-2018 - Tender Particulars.pdf\":\"http:\\/\\/www2.sesco.com.my\\/noticeDoc\\/SMD39-EP-P2-2018 - Tender Particulars.pdf\"}'),
(247, 'BTU12/2018/TLI', 'TENDER FOR 33kV UNDERGROUND CABLE LAYING, CABLE JOINTING AND TERMINATION FROM KIDURONG 33Kv SUBSTATION TO HOUSING 33kV SUBSTATION, BINTULU REGION', NULL, 'Sarawak Energy Bintulu', 0, NULL, '2020-11-21', '0000-00-00', '{\"bidCloseDate\":\"N\\/A\",\"feeBeforeGST\":\"RM 500.00\",\"feeGST\":\"RM 0.00\",\"feeAfterGST\":\"RM 500.00\"}', '{\"name\":\"Yong Siaw Fuang\",\"officePhone\":\"086-331151\",\"extension\":\"6236\",\"mobilePhone\":null,\"email\":\"TiongLingIng@sarawakenergy.com.my\",\"fax\":null}', '{\"BTU12-2018-TLI - Tender Notice.pdf\":\"http:\\/\\/www2.sesco.com.my\\/noticeDoc\\/BTU12-2018-TLI - Tender Notice.pdf\",\"BTU12-2018-TLI - Tender Summary.pdf\":\"http:\\/\\/www2.sesco.com.my\\/noticeDoc\\/BTU12-2018-TLI - Tender Summary.pdf\"}'),
(248, 'PMS146/18A', 'Supply, delivery, installation, testing and commissioning of indoor digital signage and outdoor LED display system at Menara Sarawak Energy, Kuching', NULL, 'Sarawak Energy Head Office', 0, NULL, '2020-11-21', '0000-00-00', '{\"bidCloseDate\":\"N\\/A\",\"feeBeforeGST\":\"RM 200.00\",\"feeGST\":\"RM 0.00\",\"feeAfterGST\":\"RM 200.00\"}', '{\"name\":\"Linggir Agas\",\"officePhone\":\"082-388388\",\"extension\":\"8135\",\"mobilePhone\":null,\"email\":null,\"fax\":null}', '{\"PMS146-18A - Tender Notice.pdf\":\"http:\\/\\/www2.sesco.com.my\\/noticeDoc\\/PMS146-18A - Tender Notice.pdf\",\"PMS146-18A - Tender Particulars.pdf\":\"http:\\/\\/www2.sesco.com.my\\/noticeDoc\\/PMS146-18A - Tender Particulars.pdf\"}'),
(249, 'PMS175/18', 'Proposed New Warehouse at Samalaju B 275kV Substation, Bintulu, Sarawak', NULL, 'Sarawak Energy Head Office', 0, NULL, '2020-11-21', '0000-00-00', '{\"bidCloseDate\":\"N\\/A\",\"feeBeforeGST\":\"RM 1,000.00\",\"feeGST\":\"RM 0.00\",\"feeAfterGST\":\"RM 1,000.00\"}', '{\"name\":\"Lina Anak Chuhin\",\"officePhone\":\"082-388388\",\"extension\":\"8131\",\"mobilePhone\":null,\"email\":null,\"fax\":null}', '{\"PMS175-18 - Tender Notice.pdf\":\"http:\\/\\/www2.sesco.com.my\\/noticeDoc\\/PMS175-18 - Tender Notice.pdf\",\"PMS175-18 - Tender Summary.pdf\":\"http:\\/\\/www2.sesco.com.my\\/noticeDoc\\/PMS175-18 - Tender Summary.pdf\"}'),
(250, 'PMS201/18', 'TENDER FOR PROPOSED RENOVATION WORKS FOR NEW HR OFFICE AT LEVEL 4, NORTH, MENARA SEB.', NULL, 'Sarawak Energy Head Office', 0, NULL, '2020-11-21', '0000-00-00', '{\"bidCloseDate\":\"N\\/A\",\"feeBeforeGST\":\"RM 120.00\",\"feeGST\":\"RM 0.00\",\"feeAfterGST\":\"RM 120.00\"}', '{\"name\":\"Jorge Michael Anak Johny\",\"officePhone\":\"082-388388\",\"extension\":\"8136\",\"mobilePhone\":\"0168927167\",\"email\":\"jorgemichael@sarawakenergy.com.my\",\"fax\":null}', '{\"PMS201-18 - Tender Notice.pdf\":\"http:\\/\\/www2.sesco.com.my\\/noticeDoc\\/PMS201-18 - Tender Notice.pdf\",\"PMS201-18 - Tender Summary.pdf\":\"http:\\/\\/www2.sesco.com.my\\/noticeDoc\\/PMS201-18 - Tender Summary.pdf\"}'),
(251, 'ICT117/18', 'Supply and Delivery of HPE RAM Modules', NULL, 'Sarawak Energy Head Office', 0, NULL, '2020-11-21', '0000-00-00', '{\"bidCloseDate\":\"N\\/A\",\"feeBeforeGST\":\"RM 120.00\",\"feeGST\":\"RM 0.00\",\"feeAfterGST\":\"RM 120.00\"}', '{\"name\":\"Tay Sim Yee\",\"officePhone\":\"082-388388\",\"extension\":\"8269\",\"mobilePhone\":\"019-8822381\",\"email\":\"tsimyee@sarawakenergy.com.my\",\"fax\":null}', '{\"ICT117-18 - Tender Notice.pdf\":\"http:\\/\\/www2.sesco.com.my\\/noticeDoc\\/ICT117-18 - Tender Notice.pdf\",\"ICT117-18 - Tender Summary.pdf\":\"http:\\/\\/www2.sesco.com.my\\/noticeDoc\\/ICT117-18 - Tender Summary.pdf\"}'),
(252, 'BTU2(A)/2018/TLI', 'RE-TENDER FOR REPLACEMENT OF 33kV OUTDOOR SWITCHGEAR AT TOWN 33/11kV & HOUSING 33/11kV SUBSTATIONS', NULL, 'Sarawak Energy Bintulu', 0, NULL, '2020-11-21', '0000-00-00', '{\"bidCloseDate\":\"N\\/A\",\"feeBeforeGST\":\"RM 100.00\",\"feeGST\":\"RM 0.00\",\"feeAfterGST\":\"RM 100.00\"}', '{\"name\":\"Yong Siaw Fuang\",\"officePhone\":\"086-331151\",\"extension\":\"6236\",\"mobilePhone\":null,\"email\":\"TiongLingIng@sarawakenergy.com.my\",\"fax\":null}', '{\"BTU2-A-2018-TLI - Tender Notice.pdf\":\"http:\\/\\/www2.sesco.com.my\\/noticeDoc\\/BTU2-A-2018-TLI - Tender Notice.pdf\",\"BTU2-A-2018-TLI - Tender Summary.pdf\":\"http:\\/\\/www2.sesco.com.my\\/noticeDoc\\/BTU2-A-2018-TLI - Tender Summary.pdf\"}');

-- --------------------------------------------------------

--
-- Table structure for table `survey`
--

CREATE TABLE `survey` (
  `surveyID` int(7) NOT NULL,
  `surveyTitle` text NOT NULL,
  `description` text NOT NULL,
  `publishedBy` varchar(15) NOT NULL,
  `startDate` datetime NOT NULL,
  `endDate` datetime DEFAULT NULL,
  `noOfResponse` int(11) NOT NULL DEFAULT '0',
  `isEnded` tinyint(1) NOT NULL DEFAULT '0',
  `isDeleted` tinyint(4) DEFAULT NULL
) ENGINE=InnoDB DEFAULT CHARSET=latin1;

--
-- Dumping data for table `survey`
--

INSERT INTO `survey` (`surveyID`, `surveyTitle`, `description`, `publishedBy`, `startDate`, `endDate`, `noOfResponse`, `isEnded`, `isDeleted`) VALUES
(1229037, 'User Tests Feedbacks', 'Hi, this is the development team behind this application. Please do let us know your feedbacks regarding this application.', 'admintest123', '2018-09-30 16:10:06', '2018-12-31 00:00:00', 0, 0, 0),
(4616706, 'asdasd', 'asdasd', 'admintest123', '2018-11-16 16:11:00', '2019-12-18 00:00:00', 0, 1, 1),
(9543403, 'ee', 'ee', 'jsim', '2018-11-27 16:44:32', '1111-11-11 00:00:00', 0, 1, 1);

-- --------------------------------------------------------

--
-- Table structure for table `survey_question`
--

CREATE TABLE `survey_question` (
  `questionID` int(7) NOT NULL,
  `questionTitle` text NOT NULL,
  `surveyID` int(7) NOT NULL,
  `questionType` varchar(20) NOT NULL,
  `questionNumber` int(11) DEFAULT NULL
) ENGINE=InnoDB DEFAULT CHARSET=latin1;

--
-- Dumping data for table `survey_question`
--

INSERT INTO `survey_question` (`questionID`, `questionTitle`, `surveyID`, `questionType`, `questionNumber`) VALUES
(1232964, 'Which part of the app did you found it hard to use? Why?', 1229037, 'longsentence', 4),
(1276369, 'On a scale of 1-5 with 5 meaning the easiest, how easy is it to use and figure out the app?', 1229037, 'dropdown', 0),
(3325764, 'Which feature(s) of the application do you like most? Why?', 1229037, 'longsentence', 3),
(3525754, '11', 9543403, 'longsentence', 0),
(3886204, 'On a scale of 1-5 with 5 meaning the fastest, how fast is the application to process your requests?', 1229037, 'dropdown', 1),
(4677497, 'Does the app crash, hang or freeze? If so at which point(s)?', 1229037, 'longsentence', 2),
(8041364, 'What do you think can be improved in the application?', 1229037, 'longsentence', 5),
(8414801, 'asdasd', 4616706, 'shortsentence', 1),
(9906667, 'asdasd', 4616706, 'dropdown', 0);

-- --------------------------------------------------------

--
-- Table structure for table `survey_questionanswer`
--

CREATE TABLE `survey_questionanswer` (
  `answerID` int(7) NOT NULL,
  `answerTitle` text NOT NULL,
  `questionID` int(7) NOT NULL,
  `surveyID` int(7) NOT NULL
) ENGINE=InnoDB DEFAULT CHARSET=latin1;

--
-- Dumping data for table `survey_questionanswer`
--

INSERT INTO `survey_questionanswer` (`answerID`, `answerTitle`, `questionID`, `surveyID`) VALUES
(1558356, '11', 3525754, 9543403),
(1920078, 'testing question 3 answer 3', 4315833, 3472483),
(2341647, '3', 1276369, 1229037),
(2341902, 'testing question 2 answer 2', 6289886, 3472483),
(2532734, 'testing question 1 answer 1', 3447101, 3472483),
(2851555, '4', 3886204, 1229037),
(3295750, 'Does the app crash, hang or freeze? If so at which point(s)?', 4677497, 1229037),
(3519399, 'testing question 3 answer 1', 4315833, 3472483),
(3646399, 'testing question 2 answer 1', 6289886, 3472483),
(3675782, 'testing question 3 answer 3', 6289886, 3472483),
(4113307, '5', 1276369, 1229037),
(5043729, 'asdasd', 8414801, 4616706),
(5165153, '1', 1276369, 1229037),
(6639800, 'testing question 1 answer 2', 3447101, 3472483),
(7423264, 'What do you think can be improved in the application?', 8041364, 1229037),
(7489502, '5', 3886204, 1229037),
(8266223, 'testing question 2 answer 3', 3447101, 3472483),
(8739512, '2', 3886204, 1229037),
(8801806, '2', 1276369, 1229037),
(8919887, '1', 3886204, 1229037),
(9151375, 'asdd', 9906667, 4616706),
(9190270, '3', 3886204, 1229037),
(9419683, 'testing question 3 answer 2', 4315833, 3472483),
(9505516, 'asdd', 9906667, 4616706),
(9957955, '4', 1276369, 1229037);

-- --------------------------------------------------------

--
-- Table structure for table `survey_response`
--

CREATE TABLE `survey_response` (
  `responseID` int(7) NOT NULL,
  `userID` varchar(20) NOT NULL,
  `surveyID` int(7) NOT NULL,
  `dateSubmitted` datetime NOT NULL
) ENGINE=InnoDB DEFAULT CHARSET=latin1;

--
-- Dumping data for table `survey_response`
--

INSERT INTO `survey_response` (`responseID`, `userID`, `surveyID`, `dateSubmitted`) VALUES
(1497759, 'amnah', 1229037, '2018-11-08 07:59:53'),
(2254712, 'karentan', 1229037, '2018-11-05 04:45:47'),
(2294678, 'supraman', 1229037, '2018-11-19 10:45:36'),
(2385284, 'aaron1293', 1229037, '2018-11-05 04:17:52'),
(2562056, 'oneways991', 1229037, '2018-10-21 14:29:23'),
(2897943, 'chrastly', 1229037, '2018-10-23 05:54:06'),
(3074899, 'Simlikseng59', 1229037, '2018-11-07 04:32:00'),
(3901531, 'Maxim3839', 1229037, '2018-10-21 02:07:27'),
(4204359, 'rexhung', 1229037, '2018-10-17 08:21:15'),
(4546002, 'shengang0124', 1229037, '2018-11-01 14:16:47'),
(5180214, 'MirA', 1229037, '2018-11-05 06:11:20'),
(5227296, 'augustinawong', 1229037, '2018-11-11 05:52:08'),
(5891973, 'shamsue', 1229037, '2018-10-22 04:01:33'),
(6313670, 'koala', 1229037, '2018-11-27 10:52:40'),
(6339221, 'test1', 1229037, '2018-11-19 06:00:40'),
(6571466, 'awtj95', 1229037, '2018-11-12 05:56:55'),
(7431946, 'hungkwang', 1229037, '2018-11-09 06:55:58'),
(7965941, 'fire', 1229037, '2018-10-30 05:34:08'),
(7984035, 'chiayongkang7', 1229037, '2018-11-11 07:10:37'),
(8150972, 'rita', 1229037, '2018-11-05 04:54:59'),
(8479063, 'lisalisa', 1229037, '2018-11-27 15:49:26'),
(8615142, 'chongcl', 1229037, '2018-11-07 06:30:32'),
(9088408, 'slo', 1229037, '2018-11-19 09:00:32'),
(9447750, 'chai', 1229037, '2018-11-05 06:04:37'),
(9562831, 'gphu', 1229037, '2018-11-05 07:45:14');

-- --------------------------------------------------------

--
-- Table structure for table `survey_response_answer`
--

CREATE TABLE `survey_response_answer` (
  `resp_answerID` int(7) NOT NULL,
  `responseID` int(7) NOT NULL,
  `questionID` int(7) NOT NULL,
  `answerID` int(7) DEFAULT NULL,
  `text_answer` text
) ENGINE=InnoDB DEFAULT CHARSET=latin1;

--
-- Dumping data for table `survey_response_answer`
--

INSERT INTO `survey_response_answer` (`resp_answerID`, `responseID`, `questionID`, `answerID`, `text_answer`) VALUES
(1091909, 8615142, 1276369, 4113307, ''),
(1143685, 2385284, 1232964, 0, 'registration: error pop up box, vague instructions and problem error'),
(1182605, 5180214, 8041364, 0, 'Improve the design to make it more approachable'),
(1192073, 2254712, 8041364, 0, 'none'),
(1298182, 7431946, 8041364, 0, 'add more tender project'),
(1314959, 9447750, 3886204, 2851555, ''),
(1361161, 9562831, 3886204, 7489502, ''),
(1378958, 2562056, 3325764, 0, 'Bookmark'),
(1407078, 2294678, 8041364, 0, 'Nothing'),
(1415364, 8479063, 3886204, 8739512, ''),
(1436808, 8150972, 3325764, 0, 'all are fine'),
(1446661, 5180214, 1232964, 0, 'None for now'),
(1594592, 2897943, 8041364, 0, 'input the category of tender'),
(1774317, 5227296, 3886204, 2851555, ''),
(1796855, 6313670, 3325764, 0, 's'),
(1961406, 2294678, 1232964, 0, 'Nothing'),
(1965426, 4204359, 4677497, 0, 'no issue'),
(2113692, 1497759, 3325764, 0, 'view system'),
(2226551, 6571466, 8041364, 0, 'Always have a navigation bar available in each page'),
(2288794, 9088408, 3886204, 2851555, ''),
(2418308, 8479063, 1232964, 0, '1'),
(2602054, 9447750, 3325764, 0, 'the announcement part. it is so much easier for me to know all the available tender activities'),
(2750740, 2254712, 1232964, 0, 'none'),
(2858360, 3074899, 4677497, 0, 'Not  so'),
(2868178, 6339221, 4677497, 0, 'It does not'),
(2895279, 2254712, 3886204, 7489502, ''),
(2910964, 1497759, 4677497, 0, 'no'),
(2973374, 8479063, 4677497, 0, '1'),
(3045721, 9447750, 4677497, 0, 'nope. it works perfectly on my device'),
(3119766, 7965941, 4677497, 0, 'no'),
(3120562, 9447750, 1232964, 0, 'so far so good'),
(3121860, 9562831, 3325764, 0, 'bookmark'),
(3146950, 5227296, 1232964, 0, 'installation process'),
(3333953, 3074899, 1232964, 0, '-'),
(3338891, 3901531, 3325764, 0, 'View...easy to use'),
(3384415, 9088408, 4677497, 0, 'no'),
(3446890, 2294678, 4677497, 0, 'No'),
(3464073, 9562831, 1232964, 0, '-'),
(3472365, 3074899, 3325764, 0, '.'),
(3626235, 4546002, 1276369, 4113307, ''),
(3635135, 8150972, 3886204, 7489502, ''),
(3695937, 6571466, 3325764, 0, 'the search features. keywords are given to narrow down the searches'),
(3755214, 2897943, 3325764, 0, '-'),
(3840838, 8615142, 1232964, 0, 'All smooth'),
(3888854, 6313670, 3886204, 7489502, ''),
(3897152, 5180214, 3886204, 2851555, ''),
(3934106, 5891973, 1232964, 0, 'all are okay'),
(4145728, 2385284, 8041364, 0, 'purpose of app'),
(4186538, 1497759, 1232964, 0, 'all r ok'),
(4211897, 6571466, 1276369, 4113307, ''),
(4214553, 2562056, 3886204, 7489502, ''),
(4241825, 7965941, 1232964, 0, '-'),
(4282421, 6339221, 1232964, 0, 'I did not find any part of the app to be hard to use'),
(4546881, 2385284, 3886204, 2851555, ''),
(4580273, 7984035, 8041364, 0, 'step by step guide'),
(4609821, 4546002, 8041364, 0, 'could be more visually attractive'),
(4735229, 6339221, 1276369, 4113307, ''),
(4835782, 6313670, 1232964, 0, 'd'),
(4948943, 7965941, 8041364, 0, 'good'),
(5014757, 5891973, 4677497, 0, 'no'),
(5026126, 8615142, 3886204, 7489502, ''),
(5071708, 3074899, 8041364, 0, '-'),
(5099571, 2254712, 1276369, 4113307, ''),
(5125912, 7984035, 3325764, 0, 'none'),
(5194463, 5180214, 1276369, 9957955, ''),
(5305965, 7431946, 4677497, 0, 'no'),
(5354015, 2562056, 8041364, 0, 'Depends but good enough'),
(5368651, 2562056, 1232964, 0, 'Nope'),
(5389353, 4204359, 1276369, 4113307, ''),
(5400779, 8150972, 8041364, 0, 'all the system are fast'),
(5438111, 2385284, 4677497, 0, 'no'),
(5452202, 5180214, 3325764, 0, 'Bookmark feature. Because can revisit easily the tenders interested in.'),
(5496815, 6313670, 8041364, 0, 'e'),
(5533511, 4546002, 1232964, 0, 'nay'),
(5705235, 1497759, 3886204, 7489502, ''),
(5716800, 3074899, 3886204, 2851555, ''),
(5807988, 8150972, 4677497, 0, 'no'),
(5891245, 2562056, 1276369, 4113307, ''),
(5974646, 6571466, 3886204, 7489502, ''),
(5975674, 9088408, 1232964, 0, 'none'),
(6058013, 7984035, 3886204, 7489502, ''),
(6091115, 5891973, 1276369, 4113307, ''),
(6098150, 5227296, 8041364, 0, 'different source for download to prevent phone from blocking the installation process'),
(6196256, 4204359, 8041364, 0, 'Updating tender list notice should close automatically after update finishes.'),
(6208753, 5180214, 4677497, 0, 'Nope.Totally smooth'),
(6253369, 6339221, 3886204, 7489502, ''),
(6387391, 2897943, 3886204, 2851555, ''),
(6411879, 7984035, 1232964, 0, 'tender..complicated'),
(6419408, 1497759, 8041364, 0, 'fine n smooth'),
(6662689, 2294678, 3886204, 7489502, ''),
(6770275, 4204359, 3325764, 0, 'Simple with the colors, no headache.'),
(6822874, 2897943, 1276369, 9957955, ''),
(6826627, 4546002, 3325764, 0, 'fabulous tender report'),
(6829570, 5891973, 3886204, 7489502, ''),
(6867370, 6339221, 8041364, 0, 'During the registration process only, i would like it that if validation failed at one field, it would not erase the rest of the fields cause it is troublesome to have to type it all over. Second thing, can the text box for the survey be made bigger by using textarea, cause i typed a lot as you can see here.'),
(6874162, 3901531, 8041364, 0, 'All satisfactory'),
(7033619, 6313670, 4677497, 0, 'a'),
(7051638, 8479063, 3325764, 0, '1'),
(7116904, 5227296, 3325764, 0, 'speed'),
(7129297, 8479063, 8041364, 0, '1'),
(7206206, 8615142, 4677497, 0, 'NO'),
(7313470, 2385284, 3325764, 0, 'fast app loading'),
(7338938, 7431946, 3325764, 0, 'view n easybrowsing'),
(7573916, 5227296, 4677497, 0, 'no'),
(7690161, 7965941, 3886204, 7489502, ''),
(7722083, 4546002, 3886204, 2851555, ''),
(7734948, 9088408, 3325764, 0, 'bookmark'),
(7758031, 1497759, 1276369, 4113307, ''),
(7762741, 5227296, 1276369, 9957955, ''),
(7819921, 8479063, 1276369, 8801806, ''),
(7870226, 2294678, 1276369, 4113307, ''),
(7893830, 9562831, 8041364, 0, '-'),
(7917584, 2294678, 3325764, 0, 'Everything'),
(7925443, 5891973, 8041364, 0, 'satisfactory'),
(8092840, 2385284, 1276369, 9957955, ''),
(8111525, 9447750, 1276369, 4113307, ''),
(8223572, 2897943, 4677497, 0, 'nope'),
(8366345, 9447750, 8041364, 0, 'the notification part. put some picture cuz is too wordy.'),
(8376132, 3901531, 1232964, 0, 'All is easy to use'),
(8400723, 7984035, 4677497, 0, 'no'),
(8447179, 7965941, 3325764, 0, 'calendar'),
(8481206, 3074899, 1276369, 9957955, ''),
(8568005, 2254712, 3325764, 0, 'all the features'),
(8574576, 9562831, 1276369, 9957955, ''),
(8582085, 6313670, 1276369, 4113307, ''),
(8667680, 6571466, 1232964, 0, 'nothing'),
(8895977, 8150972, 1276369, 4113307, ''),
(8974630, 3901531, 3886204, 7489502, ''),
(9001801, 7431946, 3886204, 7489502, ''),
(9076581, 5891973, 3325764, 0, 'view browser'),
(9137760, 8150972, 1232964, 0, 'all are good'),
(9154558, 8615142, 3325764, 0, 'Browsing system easy'),
(9188118, 7984035, 1276369, 2341647, ''),
(9201278, 7965941, 1276369, 9957955, ''),
(9294499, 6339221, 3325764, 0, 'Viewing all tenders, it seems to be well organized and formatted, which makes it relatively easy to view through each one'),
(9351363, 9562831, 4677497, 0, 'no'),
(9376495, 3901531, 1276369, 4113307, ''),
(9382748, 6571466, 4677497, 0, 'no'),
(9437464, 9088408, 1276369, 4113307, ''),
(9485870, 4546002, 4677497, 0, 'nay'),
(9486357, 2254712, 4677497, 0, 'no'),
(9489883, 4204359, 3886204, 7489502, ''),
(9522346, 4204359, 1232964, 0, 'none'),
(9542278, 8615142, 8041364, 0, 'Hosting'),
(9654250, 9088408, 8041364, 0, 'all is satisfying'),
(9731608, 7431946, 1232964, 0, 'all are fine'),
(9745731, 2897943, 1232964, 0, 'no category'),
(9804747, 3901531, 4677497, 0, 'No'),
(9951246, 2562056, 4677497, 0, 'Nope'),
(9959420, 7431946, 1276369, 4113307, '');

-- --------------------------------------------------------

--
-- Table structure for table `tender_bookmark`
--

CREATE TABLE `tender_bookmark` (
  `bookmarkID` int(11) NOT NULL,
  `username` varchar(15) NOT NULL,
  `originatingSource` varchar(100) NOT NULL,
  `tenderReferenceNumber` varchar(100) DEFAULT NULL,
  `tenderTitle` text NOT NULL,
  `isAvailable` tinyint(1) NOT NULL,
  `bookmarkDate` date NOT NULL,
  `closingDate` datetime DEFAULT NULL
) ENGINE=InnoDB DEFAULT CHARSET=latin1;

--
-- Dumping data for table `tender_bookmark`
--

INSERT INTO `tender_bookmark` (`bookmarkID`, `username`, `originatingSource`, `tenderReferenceNumber`, `tenderTitle`, `isAvailable`, `bookmarkDate`, `closingDate`) VALUES
(108, 'slo', 'Telekom', '', 'REQUEST FOR QUOTATION (RFQ) FOR LICENSE PLATE RECOGNITION SYSTEM AND VEHICLE COUNTING FOR MEDINI ISKANDAR MALAYSIA CITY-WIDE SOLUTION SPECIFICATION', 1, '2018-10-14', '1970-01-01 00:00:00'),
(109, 'slo', 'MBKS', 'MBKS/BLD(Q)-No.42/2018', 'Service &amp; Maintenance of Lifts For Dewan Bandaraya Kuching Selatan For The Year 2019', 1, '2018-10-14', '2018-10-17 00:00:00'),
(115, 'sharon96', 'Sarawak Energy Head Office', 'Opening Hours for Sale of Tender Document', 'Please be informed that tender documents are obtainable from 1st Floor Sarawak Energy Berhad, Wisma SEB, No.1, The Isthmus, 93050 Kuching, Sarawak at the following hours: MON-THU 8am-12nn, FRI 8am-1030am', 1, '2018-10-15', '2020-12-31 00:00:00'),
(116, 'slo', 'Sarawak Energy Head Office', '11-04-2018', 'CONTRACTOR BRIEFING &quot;Creating Opportunities in Sarawak Energy&quot; - Day 1', 1, '2018-10-15', '2020-04-27 00:00:00'),
(118, 'koala', 'KEMENTERIAN PERTAHANAN', 'KP/PERO-6/D/T109/2018/OE', 'PERKHIDMATAN DOBI DAN JAHITAN DI AKADEMI TENTERA UDARA IPOH, PERAK', 1, '2018-10-16', '2018-10-30 00:00:00'),
(120, 'Maxim3839', 'Sarawak Energy Bintulu', 'BTU2(A)/2018/TLI', 'RE-TENDER FOR REPLACEMENT OF 33kV OUTDOOR SWITCHGEAR AT TOWN 33/11kV &amp; HOUSING 33/11kV SUBSTATIONS', 1, '2018-10-21', '2020-11-21 00:00:00'),
(121, 'sharon96', 'Sarawak Energy Head Office', 'PLS160085', 'Serudit to Sri Aman 132kV Transmission Line Project', 1, '2018-10-21', '2020-11-28 00:00:00'),
(124, 'gene', 'Sarawak Energy Head Office', '11-04-2018', 'CONTRACTOR BRIEFING &quot;Creating Opportunities in Sarawak Energy&quot; - Day 1', 1, '2018-10-30', '2020-04-27 00:00:00'),
(126, 'slo', 'Sarawak Energy Sejingkat Power Corporation', 'SPC/033/18', 'Supply', 1, '2018-10-31', '2020-11-14 00:00:00'),
(128, 'amosjoy96', 'Sarawak Energy Sejingkat Power Corporation', 'SPC/033/18', 'Supply', 1, '2018-11-01', '2020-11-14 00:00:00'),
(129, 'amosjoy96', 'Sarawak Energy Head Office', 'GPI138/18', 'Supply and Delivery of Transformer Spare Parts for Batang Ai HEP', 1, '2018-11-01', '2020-11-07 00:00:00'),
(130, 'amosjoy96', 'Sarawak Energy Head Office', 'RO/TEN/11/18/MD', 'RENTAL OF 2 X 500KW DIESEL GENERATING SET FOR BELAGA POWER STATION', 1, '2018-11-01', '2020-11-07 00:00:00'),
(131, 'amosjoy96', 'Sarawak Energy Northern Region (Miri)', 'MIR17/2018/CLSNL', 'TENDER FOR HORIZONTAL DIRECTIONAL DRILLING (HDD) FOR UNDERGROUND PIPE CROSSING IN MIRI, NORTHERN REGION', 1, '2018-11-01', '2020-11-07 00:00:00'),
(132, 'amosjoy96', 'Sarawak Energy Kuching Power Station', 'KPS46/18', 'Supply, Delivery, Installation and Commissioning of Continuous Emission Monitoring System (CEMS) for Gas Turbine GT5 and GT6 at SG.Biawak Power Station', 1, '2018-11-01', '2020-10-31 00:00:00'),
(133, 'kimyeung95', 'Sarawak Energy Head Office', 'Opening Hours for Sale of Tender Document', 'Please be informed that tender documents are obtainable from 1st Floor Sarawak Energy Berhad, Wisma SEB, No.1, The Isthmus, 93050 Kuching, Sarawak at the following hours: MON-THU 8am-12nn, FRI 8am-1030am', 1, '2018-11-05', '2020-12-31 00:00:00'),
(134, 'jackwong1234', 'Sarawak Energy Head Office', 'Opening Hours for Sale of Tender Document', 'Please be informed that tender documents are obtainable from 1st Floor Sarawak Energy Berhad, Wisma SEB, No.1, The Isthmus, 93050 Kuching, Sarawak at the following hours: MON-THU 8am-12nn, FRI 8am-1030am', 1, '2018-11-05', '2020-12-31 00:00:00'),
(135, 'Simlikseng59', 'MBKS', 'MBKS/ENG(T)-NO.94/2018', 'Construction and Completion of The Proposed Upgrading of Footpath Along Major Roads at Padungan/Ban Hock Commercial Area, Kuching (Phase 1)', 1, '2018-11-06', '2018-11-08 00:00:00'),
(136, 'Simlikseng59', 'MBKS', 'MBKS/PCU/SIGNBOARD K.2', 'Quotation for the supply and installation of coupon parking system signboard c/w supporting structure ( Reflective Stick-on )', 1, '2018-11-06', '2018-11-08 00:00:00'),
(137, 'Simlikseng59', 'Sarawak Energy Head Office', 'Opening Hours for Sale of Tender Document', 'Please be informed that tender documents are obtainable from 1st Floor Sarawak Energy Berhad, Wisma SEB, No.1, The Isthmus, 93050 Kuching, Sarawak at the following hours: MON-THU 8am-12nn, FRI 8am-1030am', 1, '2018-11-06', '2020-12-31 00:00:00'),
(138, 'Simlikseng59', 'Sarawak Energy Head Office', 'GPI88/18', 'Three Years Contract for the Supply of Spare Parts, Component Repairs and Technical Advisor Services for GE Frame 6B and Frame 9E Gas Turbines', 1, '2018-11-06', '2020-11-28 00:00:00'),
(139, 'Simlikseng59', 'Sarawak Energy Bintulu', 'BTU08/2018/AJG', 'TENDER FOR 11kV SWITCHGEAR EXTENSION AT TATAU SUBSTATION IN BINTULU REGION', 1, '2018-11-06', '2020-11-21 00:00:00'),
(140, 'Simlikseng59', 'Sarawak Energy Bintulu', 'BTU2(A)/2018/TLI', 'RE-TENDER FOR REPLACEMENT OF 33kV OUTDOOR SWITCHGEAR AT TOWN 33/11kV &amp; HOUSING 33/11kV SUBSTATIONS', 1, '2018-11-06', '2020-11-21 00:00:00'),
(141, 'Simlikseng59', 'Sarawak Energy Batang Ai Power Station', 'BAPG55/2018/EB', 'TENDER SALE FOR 1 LOT of ELECTRICAL APPARATUS  FOR BATANG AI POWER STATION', 1, '2018-11-06', '2020-11-14 00:00:00'),
(142, 'Simlikseng59', 'Sarawak Energy Head Office', 'GEM-2018-004', 'Merit Pila Coal Exploration Program - Exploration Drilling, Geological &amp; Geophysical Works', 1, '2018-11-06', '2020-11-07 00:00:00'),
(143, 'Simlikseng59', 'Sarawak Energy Mukah Power Generation', 'SEB-110099-LSA/MA/DS/lsk(1A)', 'Re-Tender for Supply, Delivery and Installation of Racking Systems for Stores in Balingian Coal-Fired Power Plant', 1, '2018-11-06', '2020-11-07 00:00:00'),
(144, 'Simlikseng59', 'Sarawak Energy Head Office', 'RO/TEN/11/18/MD', 'RENTAL OF 2 X 500KW DIESEL GENERATING SET FOR BELAGA POWER STATION', 1, '2018-11-06', '2020-11-07 00:00:00'),
(145, 'Simlikseng59', 'Sarawak Energy Northern Region (Miri)', 'MIR17/2018/CLSNL', 'TENDER FOR HORIZONTAL DIRECTIONAL DRILLING (HDD) FOR UNDERGROUND PIPE CROSSING IN MIRI, NORTHERN REGION', 1, '2018-11-06', '2020-11-07 00:00:00'),
(146, 'Simlikseng59', 'KEMENTERIAN DALAM NEGERI', 'KDN/PL 37/2018-PT', 'KDN/PL 37/2018-PT PEMBEKALAN DAN PENGHANTARAN VAN PENUMPANG GUNASAMA UNTUK POLIS DIRAJA MALAYSIA (PDRM), KOD BIDANG:110103 DAN 110106, PEGAWAI YANG BOLEH DIHUBUNGI : EN.MOHD SAIFUL BIN MOHD ZAIN DI TALIAN 03-88868171, PN.KARSINAH BT AHMAD 03-88868294', 1, '2018-11-06', '2018-11-22 00:00:00'),
(148, 'slo', 'MBKS', 'MBKS/ICT/TND2019/2', 'Service Maintenance of CCTV Equipment, Parts and General Technical Service for the Year 2019', 1, '2018-11-08', '2018-11-15 00:00:00'),
(150, 'slo', 'Telekom', '', 'REQUEST FOR INFORMATION (RFI) FOR BATCH JOB SCHEDULING AND MONITORING (BJSAM)', 1, '2018-11-08', '1970-01-01 00:00:00'),
(151, 'slo', 'Telekom', '', 'AMENDMENT: REQUEST FOR INFORMATION (RFI) FOR COSTING MODEL CONSULTANCY', 1, '2018-11-16', '1970-01-01 00:00:00'),
(152, 'test1', 'Sarawak Energy Northern Region (Miri)', 'MIR18B/2017', 'RETENDER FOR SERVICING AND MAINTENANCE OF AIR CONDITIONING SYSTEM IN MIRI, BEKENU, BATU NIAH AND MARUDI', 1, '2018-11-19', '2020-12-19 00:00:00'),
(153, 'test1', 'Sarawak Energy Batang Ai Power Station', 'BAPG64/2018/MAA', 'TENDER SUPPLY OF ENGINEERING SERVICES FOR GOVERNOR MODEL VALIDATION AT BATANG AI POWER STATION', 1, '2018-11-19', '2020-12-19 00:00:00'),
(154, 'slo', 'Sarawak Energy Murum HEPS', 'MHPG/2/EB/2018', 'Supply and Delivery of Electrical Spare Parts for Murum HEP', 1, '2018-11-19', '2020-12-05 00:00:00'),
(155, 'slo', 'Sarawak Energy Mukah Power Generation', 'MPG(M)5/100/ASM/AAG/561', 'TO SUPPLY, INSTALL AND COMMISSIONING 6 UNITS OF MAINTENANCE BOXES AT BOILER AREA UNIT 2, MUKAH POWER GENERATION SDN BHD', 1, '2018-11-19', '2020-12-05 00:00:00'),
(156, 'slo', 'KEMENTERIAN PERUMAHAN DAN KERAJAAN TEMPATAN', 'QT180000000021106', 'SUPPLY, DELIVER, TESTING, COMMISIONING AND ACCEPTANCE OF RAPID INTERVENTION MOTORCYCLE (RIM) COMPLETE WITH EQUIPMENT AND ACCESSORIES FOR FIRE AND RESCUE DEPARTMENT, MALAYSIA (HANYA PENAMA DI DALAM SIJIL MOF DAN SYARIKAT DENGAN KOD BIDANG YANG DITETAPKAN SAHAJA YANG BOLEH MENGHADIRI TAKLILMAT) TARIKH TAKLIMAT : 31 OKTOBER 2018 VENUE : BILIK TANJUNG IP JBPM PUTRAJAYA MASA : 3.00 PETANG.', 1, '2018-11-19', '2018-11-21 00:00:00'),
(158, 'supraman', 'Sarawak Energy Batang Ai Power Station', 'BAPG64/2018/MAA', 'TENDER SUPPLY OF ENGINEERING SERVICES FOR GOVERNOR MODEL VALIDATION AT BATANG AI POWER STATION', 1, '2018-11-19', '2020-12-19 00:00:00'),
(159, 'supraman', 'Telekom', '', 'AMENDMENT: REQUEST FOR INFORMATION (RFI) FOR COSTING MODEL CONSULTANCY', 1, '2018-11-19', '1970-01-01 00:00:00'),
(160, 'supraman', 'Telekom', '', 'REQUEST FOR INFORMATION (RFI) ON  SMART HOME SYSTEM AND SERVICES FOR TM ONE', 1, '2018-11-19', '1970-01-01 00:00:00'),
(161, 'slo', 'Sarawak Energy Head Office', 'Opening Hours for Sale of Tender Document', 'Please be informed that tender documents are obtainable from 1st Floor Sarawak Energy Berhad, Wisma SEB, No.1, The Isthmus, 93050 Kuching, Sarawak at the following hours: MON-THU 8am-12nn, FRI 8am-1030am', 1, '2018-11-19', '2020-12-31 00:00:00'),
(162, 'darrenw1996', 'KEMENTERIAN KESIHATAN', 'IKLAN PRA KELAYAKAN', 'KERJA-KERJA MENAIKTARAF SISTEM BEKALAN AIR BERSIH DI BLOK LAMA SERTA KERJA-KERJA BERKAITAN DI HOSPITAL MELAKA', 1, '2018-11-19', '2018-11-23 00:00:00'),
(163, 'darrenw1996', 'KEMENTERIAN KESIHATAN', 'IKLAN PRA KELAYAKAN', 'KERJA-KERJA MENAIKTARAF SISTEM BEKALAN AIR BERSIH DI BLOK LAMA SERTA KERJA-KERJA BERKAITAN DI HOSPITAL MELAKA', 1, '2018-11-19', '2018-11-23 00:00:00'),
(164, 'darrenw1996', 'KEMENTERIAN KESIHATAN', 'QT180000000022620', 'TENDER PEMBEKALAN FENTANYL TRANSDERMAL PATCH SECARA PAKEJ: A) FENTANYL 25MCG/H TRANSDERMAL PATCH B) FENTANYL 50MCG/H TRANSDERMAL PATCH', 1, '2018-11-19', '2018-11-30 00:00:00'),
(165, 'darrenw1996', 'KEMENTERIAN KESIHATAN', 'QT180000000022625', 'TENDER PEMBEKALAN GEMEPROST )PROSTAGLANDIN E1 SINTHETIC ANALOGUE) 1MG PESSARY', 1, '2018-11-19', '2018-11-30 00:00:00'),
(167, 'darrenw1996', 'KEMENTERIAN KESIHATAN', 'QT180000000022635', 'TENDER PEMBEKALAN LEFLUNOMIDE TABLET/KAPSUL SECARA PAKEJ: A) LEFLUNOMIDE 10MG TABLET/KAPSUL B) LEFLUNOMIDE 20MG TABLET/KAPSUL', 1, '2018-11-19', '2018-11-30 00:00:00'),
(169, 'darrenw1996', 'KEMENTERIAN KESIHATAN', 'QT180000000022601', 'TENDER PEMBEKALAN TELMISARTAN TABLET/KAPSUL SECARA PAKEJ: I) TELMISARTAN 40MG TABLET/KAPSUL II) TELMISARTAN 80MG TABLET/KAPSUL', 1, '2018-11-19', '2018-11-30 00:00:00'),
(170, 'darrenw1996', 'KEMENTERIAN KESIHATAN', 'IKLAN PRA KELAYAKAN', 'MENAIKTARAF SISTEM GAS PERUBATAN DI HOSPITAL KUALA KUBU BHARU, SELANGOR', 1, '2018-11-19', '2018-11-22 00:00:00'),
(171, 'slo', 'Sarawak Energy Head Office', '12-04-2018', 'CONTRACTOR BRIEFING &quot;Creating Opportunities in Sarawak Energy&quot; - Day 2', 1, '2018-11-20', '2020-04-27 00:00:00'),
(172, 'darrenw1996', 'Sarawak Energy Head Office', 'Opening Hours for Sale of Tender Document', 'Please be informed that tender documents are obtainable from 1st Floor Sarawak Energy Berhad, Wisma SEB, No.1, The Isthmus, 93050 Kuching, Sarawak at the following hours: MON-THU 8am-12nn, FRI 8am-1030am', 1, '2018-11-21', '2020-12-31 00:00:00'),
(175, 'koala', 'Sarawak Energy Batang Ai Power Station', 'BAPG64/2018/MAA', 'TENDER SUPPLY OF ENGINEERING SERVICES FOR GOVERNOR MODEL VALIDATION AT BATANG AI POWER STATION', 1, '2018-11-27', '2020-12-19 00:00:00');

-- --------------------------------------------------------

--
-- Table structure for table `tender_source`
--

CREATE TABLE `tender_source` (
  `id` tinyint(10) NOT NULL,
  `website` varchar(100) NOT NULL,
  `lastUpdate` datetime DEFAULT NULL
) ENGINE=InnoDB DEFAULT CHARSET=latin1;

--
-- Dumping data for table `tender_source`
--

INSERT INTO `tender_source` (`id`, `website`, `lastUpdate`) VALUES
(0, 'sarawakenergy', '2018-11-21 09:38:15'),
(1, 'myprocurement', '2018-11-21 09:36:08'),
(2, 'telekom', '2018-11-21 09:36:08'),
(3, 'mbks', '2018-11-13 15:22:29');

-- --------------------------------------------------------

--
-- Table structure for table `user`
--

CREATE TABLE `user` (
  `username` varchar(15) NOT NULL,
  `password` text NOT NULL,
  `email` varchar(100) NOT NULL,
  `fullName` varchar(50) NOT NULL,
  `dateSubmitted` datetime DEFAULT NULL,
  `registeredFrom` varchar(6) DEFAULT NULL
) ENGINE=InnoDB DEFAULT CHARSET=latin1;

--
-- Dumping data for table `user`
--

INSERT INTO `user` (`username`, `password`, `email`, `fullName`, `dateSubmitted`, `registeredFrom`) VALUES
('aaron1293', '$2y$10$EYutYCHPMsCWgSH8qHJEIuczb2uqEqJBA4j78ygp31zufT8vAR.V.', 'aaron1293@hotmail.com', 'Aaron', '2018-11-05 04:10:12', 'Mobile'),
('amnah', '$2y$10$anXKFXEOB4zRMdet8C3tae8XXOE2Ie65ThbFMuCLknNCalKRw9jgC', 'amnah50rakawi@mail.com', 'Amnah Vinti Rakawi', '2018-11-08 07:53:40', 'Mobile'),
('amosjoy96', '$2y$10$DVY228AgCtB6.iPbO6fhfOun/7OLoAUravIlBppiQiLruv2HIKJha', 'amosjoy96@hotmail.com', 'Amos Ng Yian Joy', '2018-11-01 14:07:32', 'Web'),
('augustinawong', '$2y$10$vxgB0BRKWD1EDNkjOUwU5OnFKQrvZ0n/N/U92/728DCsnGWQOxLxq', 'annatina14@googlemail.com', 'Augustina Wong', '2018-11-11 05:43:45', 'Mobile'),
('AWTJ95', '$2y$10$FeusW1C/7r9SFuOoKv9VKO253W3xRzPA/yauXyImLSE.cbODGJJpO', '100064527@students.swinburne.edu.my', 'Abner Wong', '2018-10-30 00:00:00', 'mobile'),
('bongyeesing', '$2y$10$2ObLNimj3jnOAQinAGCFZ.jV7EbMZ9DKWxdd3sx4SikcD3H469oxm', 'bongyeesing@gmail.com', 'Yeesing Bong', '2018-10-19 00:00:00', 'mobile'),
('chai', '$2y$10$DZ4QsAPJ1GgY2qCJrn4s2uiPiCgr..EZ.OETZJiR4wzZxSVa0DzDi', '4333780@students.swinburne.edu.my', 'chai chun hui', '2018-11-05 05:55:36', 'Mobile'),
('chiayongkang7', '$2y$10$lllPx.AoUwAXrHA55eYS7.xbfdDd4xB0dUprZR.PtmqhK7fj3gmqC', 'gamefinisher@hotmail.my', 'chia yong kang', '2018-11-11 07:03:32', 'Mobile'),
('chongcl', '$2y$10$TZI13X8BUPcJxAIm/e3GPuwvfygJKqmknTAjOPRyoSVxW725kbWHy', 'ricchadds@yahoo.com', 'Chong Choon Lee', '2018-11-07 06:23:26', 'Mobile'),
('chrastly', '$2y$10$ymZWTEe/iLIOeuLXS2iYmOsaZRnmZDB.kqEB6t3z6TWxxrdfcKP9G', 'dennisting2611@gmail.com', 'Dennis Ting', NULL, 'mobile'),
('Connie', '$2y$10$i/7oe.pPveEikjx6vOVhdegvZ9QdTkB.lj57nQ822ufN/pblTz12.', 'connielee1510@gmail.com', 'Connie lee', '2018-11-05 03:19:14', 'Web'),
('darrenw1996', '$2y$10$vBc0rTq3qCnnL0kSmmpwEOQBlsIeA0E4WovmR0OjgfmU8R7Jdg51G', 'darrenwong46@yahoo.com', 'Darren Wong Siew Ding', '2018-11-19 15:12:55', 'Web'),
('dd', '$2y$10$yFDyP2EcuFL6cxRozhXgIeLEo0vzbvxT.VMEfQ6tr/sVVOJDmNcDG', 'ddsh@mail.com', 'fneo', '2018-11-27 10:03:40', 'Mobile'),
('dinosaur96', '$2y$10$7mKdVtijsvhtzRZxr8Xt8eFjiMLWwjQrlyc75e.m58Bv07A0nsRzi', 'chiputi@chiputi.com', 'chiputi', NULL, NULL),
('fire', '$2y$10$kUKUzrYczjbIGRpJllibs.A9lJ7Yzaom5D0.iaz5D8aetC7WWGGvy', 'cmk_taa@gmail.com', 'chia min khoi', '2018-10-30 00:00:00', NULL),
('gene', '$2y$10$FqPeuV4q63ryCGxuL1OI5ubay3ukX5C8xZ3O0dyTPMUzMcT0SXQ0y', 'gene@genemail.com', 'gene', '2018-10-29 00:00:00', 'mobile'),
('gphu', '$2y$10$9LAiTgItPhIOu3a5TATBP.fxxQlpQNBDM0ekx9wsaj29UIHFAczIG', 'ginaphu@harissons.com.my', 'Phu Chuat Kee', '2018-11-05 07:39:11', 'Mobile'),
('hungkwang', '$2y$10$T/neNT/QfbXZQ5cymLZLAeiYElXe1oehWgGX4CMvBX5CBMsf59ilC', 'hungkwangenteprise@gail.com', 'Bun Kim Fah', '2018-11-09 06:49:10', 'Mobile'),
('jackwong1234', '$2y$10$6mQns/BTBpdc0U/AazwZd.M7G2Dr1KmQU8Zbvu1YTniYuDBJz2OzG', 'jackwong@live.com.my', 'Wong Kai Chiek', '2018-11-05 05:55:55', 'Web'),
('Jasper', '$2y$10$oy/j7jeJrR4khjmDHQqpn.9uRYgzunF7yQacDyUerImZUNg5Ux.fG', 'ianjasper@gmail.com', 'Jasper', '2018-11-05 05:53:08', 'Mobile'),
('kappa', '$2y$10$iJSTdacjrXEdQwmEKt/wSeKaz1bA7Ieeqse.Pegjr6dFUXPeT0ZEi', 'kappa123@mail.com', 'kappa', '2018-12-01 10:26:06', 'Web'),
('karentan', '$2y$10$iw2/cv8I2qkHaYcG5hFOrePV1gk322qZ1ILt2eehHwWXI6.eyY2Gq', 'karentan16@yahoo.com', 'Tan Hui Eng', '2018-11-05 04:35:35', 'Mobile'),
('kim95', '$2y$10$CmbwM6.zzUKnBp14SIKzh.v1f.YhKEbUCquSL79FDlcC7alpKpZla', 'kimyeung952@gmail.com', 'Kim Yeung', '2018-11-19 05:38:44', 'Web'),
('kimyeung95', '$2y$10$pWz1tQo3dX06yx79rmi6LeZRDNKsLnQAQ450WAYbecjJNfzM1qnUC', '100072290@students.swinburne.edu.my', 'Si Kim Yeung', '2018-11-05 05:52:24', 'Web'),
('koala', '$2y$10$DKR4I.CGMDycNazJC012qONVk3JCiJ.JCMFTCHTPXu.VFRFflAoAS', 'joseph_sim19@hotmail.com', 'Joseph Sim', NULL, NULL),
('lisalisa', '$2y$10$fDKhQOGGUFRfwZFOqMITxeBMNk.zAMr5uEJqJr4neXCXXP9pS2pb2', 'lisalisa@mail.com', 'Lisa', '2018-11-27 14:55:39', 'Web'),
('lolipop710', '$2y$10$jLEQUbwTD1yxvS3ZKRuAS.KTkL2Ga84xwv69aX2uv3fE4Qg/IYekm', 'georgelee710@hotmail.com', 'George Lee Zhi Xuan', '2018-11-05 05:56:48', 'Web'),
('Maxim3839', '$2y$10$9Klh4rIFf9D6bbowKgPQ/OSk0se/SFtmI9vJwEzje/szvSdV042mS', 'kimfoh6358@gmail.com', 'Bong Foh Shin', '2018-10-21 00:00:00', 'mobile'),
('MirA', '$2y$10$ljPAuQjG2Xq.VSm3GKcC/OQonoO7VikkyAswJFKBPZRklGvhTleSm', 'mylifeblur96@gmail.com', 'Mohd Azmir', '2018-11-05 06:00:10', 'Mobile'),
('oneways991', '$2y$10$SDqpjbfFUBDiZ7.xkh78ZOUWyBfpy6c/equR3.5BI3IQIHaVTDJh2', 'oneways991@hotmail.com', 'Gerard Lo Yung Chun', '2018-10-17 00:00:00', 'mobile'),
('patrick96', '$2y$10$8JfiSaR.67PWJ2P3qzVZE.hLzvov27Q3iGK3G56Bb5jpKP5kyMS6e', 'patricklau961111@yahoo.com', 'Patrick Lau Sie Ong', NULL, 'mobile'),
('rexhung', '$2y$10$qQ66hPSivj2M10XoDBSyJuvNuZ4cCQJemYvkuIChUIlseCiXFpj.2', 'terencet5051@gmail.com', 'Terence Thian', NULL, 'mobile'),
('richbiz99', '$2y$10$Lh6hAQwKE1D2Bg3sjQ3J1u5K9gmWPuaEUAI4eaSnyZe1QWH1L15ii', 'ricchadds@yahoo.com', 'Richard Lo Pek Eng', '2018-10-15 00:00:00', 'mobile'),
('rita', '$2y$10$Dg/EKdlDBNMiPUXgg4/DaOicpS/8WJO0Vvud39EqI1At4vVYSDz3S', 'Ritarated8@gmail.com', 'Rita Rated', '2018-11-05 04:45:49', 'Mobile'),
('shamsue', '$2y$10$IJ4RBonVzqDUVawBJagE2eyBrL51itqLBr5jYDOSi9qEja1nAhN6m', 'salemhajiameran@yahoo.com', 'Salem Bin Haji Ameran', '2018-10-22 00:00:00', 'mobile'),
('sharon96', '$2y$10$ebW6/GEYZKXHypyPuHWgbegmlCDRLhdX8wu4RXTn6u0hbsT4xlLH6', 'sharon@email.com', 'Sharon Lo', NULL, NULL),
('shengang0124', '$2y$10$KiNUzO9LLi7JreM92SSN1utyOQP38XMfLHT/1YxYTFAF0mDHB3uKe', 'sheng_ang0124@outlook.com', 'Wong Sheng Ang', '2018-11-01 21:32:05', 'mobile'),
('sim', '$2y$10$FgrGnqu/oFi5/Lyea4Yewuu5irsu9oFdTJbu/mCMY2PD/Niy6sxU6', 'simlikseng@gmaill.com', 'Sim Lik Seng', '2018-11-06 02:06:39', 'Mobile'),
('Simlikseng59', '$2y$10$x/VR24xgeg50DJTgVh6uteKtmMR0bw1FlPfmOOeiOUjyQnaqmL.ay', 'simlikseng@gmail.com', 'Sim Lik Seng', '2018-11-06 06:27:21', 'Mobile'),
('slo', '$2y$10$iDudrVX0z0jitBlVbjm3HutFDCey3gGd/sHKti2/8cePAMaKrWi3y', 'slo@yahoo.com', 'Sharon Lo', NULL, NULL),
('supraman', '$2y$10$Hge5PXNwchelryxnn1ub2e8wQhbOzwbJouh6xYoZl1Du3DzJTumG6', 'joni@dontcry.com', 'Jimmy', '2018-11-19 10:36:23', 'Mobile'),
('test1', '$2y$10$dbp3TFu7nB52d9vfCu1RsOrDwx4qDAR0CCUhhNaXF6GuY0u11gmGS', 'kimyeung953@gmail.com', 'Kim Yeung Si', '2018-11-19 05:39:50', 'Web');

--
-- Indexes for dumped tables
--

--
-- Indexes for table `administrator`
--
ALTER TABLE `administrator`
  ADD PRIMARY KEY (`administratorID`);

--
-- Indexes for table `announcement`
--
ALTER TABLE `announcement`
  ADD PRIMARY KEY (`announcementID`);

--
-- Indexes for table `custom_search`
--
ALTER TABLE `custom_search`
  ADD PRIMARY KEY (`searchID`);

--
-- Indexes for table `poll_option`
--
ALTER TABLE `poll_option`
  ADD PRIMARY KEY (`optionID`);

--
-- Indexes for table `poll_question`
--
ALTER TABLE `poll_question`
  ADD PRIMARY KEY (`pollID`);

--
-- Indexes for table `poll_votes_history`
--
ALTER TABLE `poll_votes_history`
  ADD PRIMARY KEY (`voteID`);

--
-- Indexes for table `scrapped_tender`
--
ALTER TABLE `scrapped_tender`
  ADD PRIMARY KEY (`id`),
  ADD KEY `tenderSource` (`tenderSource`);

--
-- Indexes for table `survey`
--
ALTER TABLE `survey`
  ADD PRIMARY KEY (`surveyID`);

--
-- Indexes for table `survey_question`
--
ALTER TABLE `survey_question`
  ADD PRIMARY KEY (`questionID`),
  ADD KEY `surveyID` (`surveyID`);

--
-- Indexes for table `survey_questionanswer`
--
ALTER TABLE `survey_questionanswer`
  ADD PRIMARY KEY (`answerID`),
  ADD KEY `questionID` (`questionID`),
  ADD KEY `surveyID` (`surveyID`);

--
-- Indexes for table `survey_response`
--
ALTER TABLE `survey_response`
  ADD PRIMARY KEY (`responseID`),
  ADD KEY `surveyID` (`surveyID`);

--
-- Indexes for table `survey_response_answer`
--
ALTER TABLE `survey_response_answer`
  ADD PRIMARY KEY (`resp_answerID`),
  ADD KEY `responseID` (`responseID`),
  ADD KEY `questionID` (`questionID`),
  ADD KEY `answerID` (`answerID`);

--
-- Indexes for table `tender_bookmark`
--
ALTER TABLE `tender_bookmark`
  ADD PRIMARY KEY (`bookmarkID`);

--
-- Indexes for table `tender_source`
--
ALTER TABLE `tender_source`
  ADD PRIMARY KEY (`id`);

--
-- Indexes for table `user`
--
ALTER TABLE `user`
  ADD PRIMARY KEY (`username`);

--
-- AUTO_INCREMENT for dumped tables
--

--
-- AUTO_INCREMENT for table `administrator`
--
ALTER TABLE `administrator`
  MODIFY `administratorID` int(10) NOT NULL AUTO_INCREMENT, AUTO_INCREMENT=22;

--
-- AUTO_INCREMENT for table `scrapped_tender`
--
ALTER TABLE `scrapped_tender`
  MODIFY `id` int(11) NOT NULL AUTO_INCREMENT, AUTO_INCREMENT=253;

--
-- AUTO_INCREMENT for table `tender_bookmark`
--
ALTER TABLE `tender_bookmark`
  MODIFY `bookmarkID` int(11) NOT NULL AUTO_INCREMENT, AUTO_INCREMENT=176;
COMMIT;

/*!40101 SET CHARACTER_SET_CLIENT=@OLD_CHARACTER_SET_CLIENT */;
/*!40101 SET CHARACTER_SET_RESULTS=@OLD_CHARACTER_SET_RESULTS */;
/*!40101 SET COLLATION_CONNECTION=@OLD_COLLATION_CONNECTION */;
